Source;Target
Dan I Locks;Jah Sonic Geometry
Blue Hill;Dubbing Sun
Blue Hill;Digid
Dubbing Sun;Digid
Khoe-Wa;Luiza
Mexican Stepper;Sista Bethsab
Barbés D;Sista Bethsabée
OBF;Belén Natali
OBF;Sr Wilson
Belén Natali;Sr Wilson
PlusStepper;KattyGyal Kenta
Khoe-Wa;Luiza
Mexican Stepper;Sista Bethsab
Khoe-Wa;Luiza
Mexican Stepper;Sista Bethsab
"Paul ""Pilah"" Kozmik";Joe Pilgrim
Khoe-Wa;Luiza
Mexican Stepper;Sista Bethsab
Mexican Stepper;Sista Bethsab
PlusStepper;Mila Mazur
Dubbytek;Razaman
Khoe-Wa;Luiza
Mexican Stepper;Sista Bethsab
PlusStepper;Mila Mazur
Mexican Stepper;Sista Bethsab
Barbés D;Sista Bethsabée
Le Lab;Artz
Dubbytek;Razaman
Mexican Stepper;Sista Bethsab
Mexican Stepper;Sista Bethsab
Dubbytek;Razaman
Mexican Stepper;Sista Beth
Lo-End Dub;Marcus I
Kandee;Lix
Tatrac;Gappy Ranks
Roots Zombie;Gary Clunk
Radadub;Youthman
Brainless;Preacha
Brainless;Ashkabad
Preacha;Ashkabad
Dubbytek;Razaman
Dubbytek;Ragga Twins
Cookah;KaYaS
Haspar;Fikit Amlak
Panda Dub;Daddy Freddy
RDH Hi-Fi;Tippa Irie
Crosby;Blue Hill
AKUFEN;Danman
Shimana;I-Rebel
Atili;Telly
Ackboo;Marcus Gad
Ackboo;Macky Banton
T Horns;Organic Sound
Ashkabad;YT
GSS Sound;Moosh & Twist
Alpha Steppa;Nai Jah
Alpha Steppa;Tenja
Alpha Steppa;Block Mameli
Alpha Steppa;Sistah Awa
Alpha Steppa;I-Sarana
Alpha Steppa;Ras Tinny
Alpha Steppa;Nai-Jah
PupaJim;Step-Art
Antxon Sagardui;Belén Natali
Antxon Sagardui;Isabel Sharpe
Antxon Sagardui;Belén Natali
Antxon Sagardui;Chalart58
Belén Natali;Chalart58
Antxon Sagardui;Belén Natali
Antxon Sagardui;Chalart58
Belén Natali;Chalart58
Ashkabad;Baltimores
Atlas Dub;Sub Majesty
Atomic Spliff;Joseph Cotton
Biga Ranx;Pupajim
Crucial Rob;Prophecy Sound
Digitron Sound;Kenny Knots
Longfingah;Subactive
Baltimores;Kandee Dub
Baltimores;Boom Hi-Fi
Baltimores;Boom Hi-Fi
Baltimores;Boom Hi-Fi
Benidub;Yabby You
Kojo Neatness;High Pressure Sound System
Brother Sound;Mystic Wood
Pupajim;Roots'n Future Hi-Fi
Jstar;Ranking Joe
Mexican Stepper;Earl 16
Mexican Stepper;Bout40 Sound System
Earl 16;Bout40 Sound System
Skunk Kut;Monkey D
Ghana Sound System;Mc Joss
Barbés.D;El Fata
Alpha Steppa;DannyRed
Alpha Steppa;Magma
DannyRed;Magma
BassDefender;Ka Dub
GSS Sound;TriXstar
Biga Ranx;Lil Slow
Biga Ranx;Telly
Lil Slow;Telly
Biga Ranx;Lil'Slow
Shanti D;Bim One
Bisou;Towst
Bisou;Owl Trackers
Towst;Owl Trackers
Black Soulie;Anxton Sagardui
Blind Prophet;Tenor Youthman
Blue Hill;Lutan Fyah
Blue Hill;Dubbing sun
Lutan Fyah;Dubbing sun
Botmash;Bredda Skankers
Brain Damage Dub Sessions;Sir Jean
Sr Wilson;King Hifi Sound
Sr Wilson;Brainless
King Hifi Sound;Brainless
Brainless;High Natural
Boom Hi-Fi;Lucky
Karst;DopamineDub
Brother Culture;Derrick Sound
Brother Culture;ODG
Brother Culture;Welders Hi Fi
Charlie P;Bru-C
Bukkha;Madplate Sound
Bukkha;Brother Culture
Madplate Sound;Brother Culture
Rebel-I;Bass Culture Players
Rebel-I;George Palmer
Bass Culture Players;George Palmer
Bungalo Dub;Kuga Man
Charlie P;Jahlix
Charlie P;Delmighty Sound
Mr Zebre;YT
Mexican Stepper;Caracas Dub
Mexican Stepper;Pijule
Caracas Dub;Pijule
Alpha Steppa;Sista Awa
Toroki;Isayah
Charlie P;Peter Youthman
Charlie P;King Hi Fi
Peter Youthman;King Hi Fi
Charlie P;Melodub
Charlie P;Stevens Kbosh
Melodub;Stevens Kbosh
Irah;Program
Chronixx;Black Beanie Dub
Cian Finn;Brigadier JC
Daman;Feldub
Alex SCI FI;Lucky
Crucial Rob;Youthie
GSS Sound;Fikir Amlak
Charlie P;Culture Dub
Charlie P;Mexican Stepper
Culture Dub;Mexican Stepper
Dapatch;Culture Dub
Troy Berkley;Culture Dub
Dubbytek;Mc Joss
GSS Sound;TriXstar
Bikabok;SteppalcotTek Sound System
Don Kultcha;Ishiban
Dan I;Untamed Sound System
DU3normal;I-Rebel
DU3normal;Kali Green
Dub Invaders;Aku-Fen
Dub Invaders;Lady Chann
Aku-Fen;Lady Chann
Dub Wander;Phoni and Flore
Toroki;Isayah
Daman;El Fata
Daman;Sparky Riot
El Fata;Sparky Riot
BassDefender;Daman
BassDefender;Ka Dub
Daman;Ka Dub
Damian Marley;Tozer
Dan I;Tozer
Dan I;Violinbwoy
Danman;Dubconductor
Danman;Brainless
Danman;Federal Sound
Danny T;Tradesman
Danny T;Mark Iration
Tradesman;Mark Iration
Mungo's hi-fi;Omar Perry
Mungo's hi-fi;RNF hi-fi
Omar Perry;RNF hi-fi
CrudoBilbaoEstudios;Daman
Digital-I;Been Jam
Dirty Dubbers;Clinton Sky
Dixie Peach;Tozer
Dixie Peach;Makiko
Tozer;Makiko
Mehdiman;Boombardub
Dreadsquad;Red'Wine
Danman;Massive Dub Corporation
L'Entourloop;The Architect
L'Entourloop;Skarra Mucci
The Architect;Skarra Mucci
Kojo Neatness;Dreadsquad
DU3normal;Sensi-T
Du3normal;Babystep
Culture Dub;High Tone
Culture Dub;Zion Train
High Tone;Zion Train
Dub Dynasty;Wellette Seyon
Dub Dynasty;Joseph Lalibela
Dub Dynasty;Fikir Amlak
Dub Dynasty;Echo Ranks
Dub Dynasty;Cologne
Dub Dynasty;Yehoud-I
Dub Dynasty;Odessa
Dub Dynasty;Nyabin
Yehoud-I;Odessa
Yehoud-I;Nyabin
Odessa;Nyabin
Dub Dynasty;Nish Wadada
Dub Dynasty;Ras Hassen Ti
Dub Dynasty;Cian Finn
Dub Dynasty;Ras Tinny
Cian Finn;Ras Tinny
Dub Dynasty;Earlyman
Dub Dynasty;Nai-Jah
Dub Dynasty;Joe Pilgrim
Dub Dynasty;Setondji
Nai-Jah;Joe Pilgrim
Nai-Jah;Setondji
Joe Pilgrim;Setondji
Dub Dynasty;Wellette Seyon
Dub Dynasty;Joseph Lalibela
Dub Dynasty;Echo Ranks
Dub Dynasty;Cologne
Dub Dynasty;Yehoud-I
Dub Dynasty;Odessa
Dub Dynasty;Nyabin
Yehoud-I;Odessa
Yehoud-I;Nyabin
Odessa;Nyabin
Dub Dynasty;Nish Wadada
Dub Dynasty;Ras Hassen Ti
Dub Dynasty;Ciann Finn
Dub Dynasty;Ras Tinny
Ciann Finn;Ras Tinny
Dub Dynasty;Earlyman
Enigmatik Dub;Crootsy
Skunk Kut;Monkey D
Dub Size;Sid3 Fx Steppa
Dub Terminator;Sgt Juggler
Dub Terminator;Da Real Storm
Dub Terminator;Conroy Smith
DubBakker;Azùal Dub
Dubateers;Charlie P
Dubato;Isma Steppa
Dubato;Flo Dubwize
Dubba Do;Dawa
Dubba Do;Panda Dub
Dawa;Panda Dub
Dubbing Sun;Digid
Dubbing Sun;Digid
Dubbing Sun;Sister Rasheda
Digid;Sister Rasheda
Dublaw;Joseph Lalibella
Dublaw;MC Sherlock
Joseph Lalibella;MC Sherlock
Sensi T;Kara'Basse Sound System
Jael;BakuDub
Irie Nanara;Eskimo Attack
Hermit;Manogondou
Earl Sixteen;Mad Professor
Izyah Davis;Tozer
Izyah Davis;Ras Divarius
Tozer;Ras Divarius
The Ragga Panda;Parly B
Mungo's Hi Fi;Charlie P
Idren Natural;Inflammati Dub
Le Lab;MC Joss
Lulu Dub;KingFly
Fikir Amlak;King Alpha
Fikir Amlak;Imperial Sound
Fikir Amlak;Alpha Steppa
Danman;Feldub
FootPrint System;Guru Pope
Shanai;Dahifi
King Alpha;Fred Locks
Manu Chao;Cedric Myton
Manu Chao;Chalart58
Cedric Myton;Chalart58
Brainless;Michael Prophet
Natural Ness;Sis Irecla
Brain Damage;Willi Williams
OBF;Charlie P
GSS Sound;Bob Marley
Taiwan MC;The Ragga Panda
Ghana Sound;Cilka
Dub Dadda;Zion Train
Gold Dubs;Fleck
Gold Dubs;Cheshire Cat
Fleck;Cheshire Cat
Danman;Bony Fly
Brainless;Guru banton
Brainless;Guru Banton
Brainless;Guru Banton
Brainles;Guru Banton
Brainless;Guru Banton
Brainless;Guru Banton
Dub Fyah;Half Pint
All B;Dub Troubles
High Natural;Brainless
High Public Sound;Alpha Steppa
High Public Sound;I-Sarana
Alpha Steppa;I-Sarana
High Tone;Pupajim
Higher;Wailing Trees
Hoofander;Jahwata
Dan-I;Imperial Sound Army
I-Skankers;Ranking Fox
Mexican Stepper;Asta Man MC
I-Skankers;Ranking Fox
I-Skankers;Ilements
I-Skankers;Dub Foundry
I-Skankers;Steppin'Pabli
Ranking Fox;Ilements
Ranking Fox;Dub Foundry
Ranking Fox;Steppin'Pabli
Ilements;Dub Foundry
Ilements;Steppin'Pabli
Dub Foundry;Steppin'Pabli
I Rebels;Loubaballs
I Rebel;Original Dawa
King Toppa;Louna
King Toppa;Nelly
Louna;Nelly
Imanouel Roots;Likkle Lion
Prince David;Shepherd Dub
Prince David;Sista Habesha
Shepherd Dub;Sista Habesha
Injham;Osiris MC
Unidub Estacion;Dan I
Pupajim;Iodin 53
Iron Will;Dub Terminator
Iron Will;Ras Stone
Dub Terminator;Ras Stone
Ryoushin;Manshaggy
Ryoushin;Stepper Rider
Manshaggy;Stepper Rider
Tozer;Iyah Ranks
JeanPaul Dub;Pupajim
Jabbadub;Young Pistols
Jabbadub;Mic Lee
Young Pistols;Mic Lee
Jah Marnyah;Youthie
Jah Sound System;Sr Wilson
Jahwata;Spiral Skank
Jahwata;Managarm
Jahwata;Managarm
Jahwata;Spiral Skank
Managarm;Spiral Skank
Johnny Clarke;Roots Raid
Brainless;JoJo Irie smile
Joseph Cotton;Biga Ranx
Joseph Cotton;Green Cross
Biga Ranx;Green Cross
King Amlak;Don Fe
Mao Anbessa;Jules I
Ondubground;Biga Ranx
Ondubground;Joseph Cotton
Biga Ranx;Joseph Cotton
Shanti D;Roots Raid
Rakoon;Simon
K - Sänn Dub;Daman
K - Sänn Dub;Ras Mykha
Daman;K-Sänn Dub
Injham; Osiris MC
MikeyWhiteDub;KGS
KSD;Marina P
KSD;Panda Dub
Marina P;Panda Dub
Ka Dub;Dub Assasin
OBF.;Danman
Kandee;Little R
Kanka;Biga Ranx
Michael Exodus;Immiroots Sound
Kilimanzion;YT
Kilimanzion;Resistence Records
KillaSoundYard;MaisLume Kolektive
King Shiloh;Afrikan Simba
King Shiloh;Danny Red
Afrikan Simba;Danny Red
Kobo;Antxon Sagardui
RiverBass;Owl Sound System
Elektrees;KT Gorique
RiverBass;Owl Sound System
Ethnoradub;Digiman Dub
Eric Chazot;Digiman Dub
Bass Pirate Label;Legato Rob
Bass Pirate Label;Legato Rob
The Ragga Panda;Charlie P
Linval Thompson;King Alpha
Lion I Drens;Idren Natural
Lisa Dainjah;Dawa Hifi
Little R;Dan I
Loba;Dubbaker
Longfingah;Hardy Digital
Longfingah;JStar
Hardy Digital;JStar
Sinai;Brainless
CrudoBilbao;BassDefender
M.McAnuff;Parly B
M.McAnuff;Riddim Tuffa
Parly B;Riddim Tuffa
Mahom;Lisoun
Mahom;Art-X
Mahom;Simple Spelim
Mahom;Thomas Kahn
Simple Spelim;Thomas Kahn
Mahom;Lisoun
Majom;Spelim
Manudigital;Peter Youthman
Manudigital;Ondubground
Peter Youthman;Ondubground
Manudigital;Soom T
MGDK;Bob Marley
MGDK;I-Rebel
Mickey Dread;Numa Crew
Mr Williamz;Joe Lickshot
MRiGK;ThStyle
Violinbwoy;Junior Dread
Dub Conductor;Dark Angel
Tunelon Iration;Lo-End Dub
OBF;Mr Williamz
Rakoon;OB.dUb
Panda Dub;Jamma Dim
Brainless;Mc Colgado
Mc Joss;Atlas Dub
Mc Joss;T-Horns
Atlas Dub;T-Horns
Mehdiman;Black Hole Sound
Mehdiman;Boombardub
Guru Banton;Ishiban
Mexican Stepper;Radadub
Michael Exodus;Immiroots Sound
Michael Exodus;Immiroots Sound
Michael Exodus;Immiroots Sound
Michael Prophet;King HiFI
Micronomade;Hazel Dub
Mehdiman;Millah
Mehdiman;Millah
Miniman;Murray Man
Mao Anbessa;Don Diego
Mao Anbessa;Weeljahdgment
Zion Train;Daman
Horace Andy;Cultural Warriors
Moony;Jabbadub
Likkle Ferguson;Cookah
Mr Zebre;Dubon Step
Mr Zebre;Ras Jahshua
Mr Zebre;Rebel-I
Mungo's Hi FI;Parly B
Mungo's Hi Fi;Pupajim
Mungo's Hi Fi;Charlie P
Mungo's Hi Fi;YT
Mungo's Hi Fi;YT
Mungo's Hi Fi;YT
Mungo's Hi Fi;YT
Mungo's Hi Fi;YT
Mungo's Hi Fi;YT
Mungo's Hi Fi;Soom T
Mungo's Hi Fi;Charlie P
Mungo's Hi Fi;YT
Mungo's Hi Fi;Little John
YT;Little John
Mungo's Hi Fi;YT
Mungo's Hi Fi;Johnny Osbourne
YT;Johnny Osbourne
Mungo's Hi Fi;Soom T
Mungo's Hi Fi;Gardna
Mungo's Hi Fi;Charli Brix
Gardna;Charli Brix
Mungo's Hi Fi;YT
Sista Aude;The Ragga panda
Feldub;Kojo Neatness
Brother Culture;Radikal Vibration
Mystic Fyah;Jahmsterdam
Mystical Powa;Awa Fall
Mystical Powa;Guru Pope
Awa Fall;Guru Pope
Sis Irecla;Dub Soldjah
DissorDub;Organic Sound
Nazamba;Von D
Stand High Patrol;NS KROO
King Shiloh;Johnny Clark
King Shiloh;MGDK
Johnny Clark;MGDK
Nas;Damian Marley
Panda Dub;Youyou
Panda Dub;Dawood
Youyou;Dawood
Mad Skanker;Panda Dub
Natural Selectas;Lewis Bennett
Nem;Mungo's Hi Fi
The Ragga Panda;Johnny Osbourne
NicoZen;DubBakker
BungaloDub;George Palmer
BungaloDub;Ras Jahshua
George Palmer;Ras Jahshua
Fikir Amlak;Dubzoic
Eric Chazot;Digiman Dub
OBF;Charlie P
OBF;Charlie P
OBF;Nazamba
OBF;Sr Wilson
OBF;Shanti D
Sr Wilson;Shanti D
OBF;Sr Wilson
OBF;J Camp
Sr Wilson;J Camp
OBF;AZA Lineage
OBF;Charlie P
OBF;Charlie P
OBF;Joseph Lalibela
OBF;Joseph Lalibela
OBF;Joseph Lalibela
OBF;Joseph Lalibela
OBF;Shanti D
OBF;Sr. Wilson
OBF;Troy Berkley
OBF;YT
OBF;Charlie P
OBF;Eek a mouse
OBF;Eek a mouse
OBF;Junior Roy
OBF;Burro Banton
OBF;Shanti D
OBF;Danman
OnDubGround;Brother Culture
OnDubGround;Panda Dub
OnDubGround;Shanti D
Troy Berkley;Organic Sound
Troy Berkley;Ghana Sound
Organic Sound;Ghana Sound
Luciano;Mexican Stepper
Osiris;Roots Iration
"Paul ""Pilah"" Kozmik";Joe Pilgrim
"Paul ""Pilah"" Kozmik";Ivan-Jah
Joe Pilgrim;Ivan-Jah
Legal Shot;Pupajim
Legal Shot;Pupajim
Pupajim;Stand High Patrol
Pablo Raster;Dan I Locks
Panda Dub;Youyou
Panda Dub;Pilgrim
Panda Dub;Shantifa
Pilgrim;Shantifa
Panda Dub;Youyou
Panda Dub;Red'Wine
Youyou;Red'Wine
Feldub;Kojo Neatness
Peter Youthman;Digital Seal Hi Fi
Bhale Bacce Crew;Lo
Bhale Bacce Crew;Mike sy Davis
Lo;Mike sy Davis
Ganjah Friend;Ka Dub
KDS;Sensi T
Ponchita Peligros;George Palmer
Preacha;Brainless
Prince David;Mao Anbessa
Prince Livijah;Lioness Fonts
Pupajim;Stand High Patrol
Pupajim;Joseph Cotton
Pupajim;ATILI
Joseph Cotton;ATILI
Pupajim;Stand High Patrol
Pupajim;Stand High Patrol
Pupajim;Stand High Patrol
Pupajim;Robet Lee
Stand High Patrol;Robet Lee
Brainless;Pupa Yappa
Dixie Peach;iSt3p
R.Esistence;Longfingah
R.Esistence;Paoli Baldini
Longfingah;Paoli Baldini
R.Esistence;Longfingah
R.Esistence;Timbali
Longfingah;Timbali
R.Esistence;Longfingah
R.Esistence;Dubbing Sun
Longfingah;Dubbing Sun
R.Esistence;Longfingah
R.Esistence;Umberto Echo
Longfingah;Umberto Echo
Raavni;Manon Shanti
Tozer;Dixie Peach
Tozer;Makiko
Dixie Peach;Makiko
Pupajim;Dub Kazman
Johnny Clarke;Tozer
Johnny Clarke;Ras Divarius
Tozer;Ras Divarius
Radadub;Angelo Napoli
RabaDub;Mexican Stepper
Radikal Guru;Cian Finn
Radikal Guru;Cian Finn
Radikal Guru;Violinbwoy
Cian Finn;Violinbwoy
Radikal Guru;Cian Finn
Radikal Guru;El Fata
Radikal Guru;YT
Radikal Guru;Tenor Youthman
Stepart;Pupajim
Ramadub;Syrä
Rankin Delgado;Dread Lion Hi Fi
Rankin Delgado;Lab Frequancy
Rankin Delgado;Sunjaman
Ranking Fox;Nyabin
Ram Amlal;King Alpah
Ras Amlak;Violinbwoy
Ras Mykha;K_Sann Dub
Panda Dub;Binidub
Ravy Shankar;Space Raverz
Haspar;Koko Vega
Red'Win;Bhale Bacce Crew
Red'Win;Lo
Red'Win;Artung SoundSystem
Bhale Bacce Crew;Lo
Bhale Bacce Crew;Artung SoundSystem
Lo;Artung SoundSystem
Reggae Roast;Brother Culture
GSS Sound;Saah Karim
KDS;Lyah Ranks
KDS;Ecko Candi
Lyah Ranks;Ecko Candi
Repeatah;Pupajim
Repeatah;Brother Joe Pilgrim
Repeatah;Earl Sixteen
Dubkasm;Turbulence
Dubkasm;MikeyWhiteDub
Turbulence;MikeyWhiteDub
Dixie Peach;Brainless
Raggatack;Belen Natali
Raggatack;Belen Natali
Dub Dadda;Zion Train
Roots Raid;Cookah
Roots Raid;Likkle Ferguson
Cookah;Likkle Ferguson
Cookah;Likkle Ferguson
Zion Train;Dub Dadda
Zion Train;Antiplastic
Dub Dadda;Antiplastic
Roots&Fyah;Earl Sixteen
Roots&Fyah;Dub Terminator
Earl Sixteen;Dub Terminator
R-Dug;Raggatack
R-Dug;Rebel Congo
R-Dug;Fabien Fustinoni
Raggatack;Rebel Congo
Raggatack;Fabien Fustinoni
Rebel Congo;Fabien Fustinoni
Pupajim;High Tone
Pupajim;Ghana Sound
High Tone;Ghana Sound
DUB INVADERS;Pupajim
Sub Foundation;I-Mitri
Shanti D;ROOTS N' FUTURE
Shanti D;Iron Dubz
Sis Irecla;Sista Back
Sparring Partners;Taiwan MC
Sparring Partners;Bony Fly
Taiwan MC;Bony Fly
Sr Wilson;Organic Sound
Sr Wilson;Himera Sound System
Jean-Paul Dub;Groundswell Bass Dub
Kart;DopamineDub
Sandeeno;Shinobi Sound
EtoileNoire;SpiralSkank
Selek'Tahman;AnarZoneSystem
Brainless;Sensi T
Brainless;Sensi T
Brainless;Bony Fly
Sensi T;Bony Fly
Himera Sound;Brainless
Himera Sound;Sensi T
Brainless;Sensi T
KDS;Brainless
KDS;Sensi T
Brainless;Sensi T
Brainless;Sensi T
The Ragga Panda;Charlie P
OBF;Shanti D
Shanti D;Mayd Hubb
Shanti D;Lil'lion
Brainless;Shiva
T- Horns;Organic Sound
Sis Zeyna;Val Tribulation
Skunk Higi;Charly Dub
Skunk Kut;DubBakker
Brainless;Joky-D
Soom T;Disrupt
Soom T;Budz
Soom T;Budz
Soom T;Pupajim
Brainless Sound System;Lo
Feldub;Sparky Riot
Seper Man;Supah Frans
Seper Man;Ganjah Friend
Supah Frans;Ganjah Friend
Digital Seal;Speng Bong
Skunk Kut;Spitfire
Saah Karim;Sta'Sax
Saah Karim;Sta'Sax
Saah Karim;Sta'Sax
Saah Karim;Sta'Sax
Stalawa;Ponchita Peligros
Pupajim;Step Art
Step Art;Merva Grier
Madmax;Mexican Stepper
Strawdogz;Joseph Cotton
Strawdogz;Yaway
Joseph Cotton;Yaway
Strawdogz;Pupajim
Lone Ranger;Iron Dubz
El Fata;Sub Alpine
Sub Majesty;Babbajah
Sub Majesty;Cream T
Sub Majesty;Djiman
Subactive;Mikey Mruka
Pupajim;Biga Ranx
Pupajim;ATILI
Biga Ranx;ATILI
Subwise Warrior;Fikir Amlak
Supa Bassie;Jimmie Dub Troubles
Kiangana;African High Fly
T-Horns;Mathis
T-Horns;Organic Sound
Mathis;Organic Sound
Natural Tribulation;Sis Zeyna
DPHdub;ObeahDub
Roots by Nature;Suns of Dub
Feldub;Jman
Telly;Joseph Cotton
Telly;Biga Ranx
Joseph Cotton;Biga Ranx
Jahwate;Spiral Skank
Nextmen;Pupajim
Nextmen;Wrongtom
Pupajim;Wrongtom
GSS Sound;Double Tiger
The Visionites;Daman
Timbali;Skarra Mucci
Brainless;Sensi T
Brainless;Sensi T
Brainless;KingFly
Sensi T;KingFly
GSS Sound;Sensi T
Tsunami Wazahari;Saimn-I
Queen Omega;Iron Dubz
Brainless;Tenor Youthman
Brother Culture;Turntable Dubbers
Brother Culture;Dreadsquad
Turntable Dubbers;Dreadsquad
Dub Invaders;Twelve
Massilia Hi-Fi;Arcuate
Barrington Levy;Digital Seal Hifi
Zion Train;Prince David
Uzul;Micro Mano
Virtus;RadikalSound
Tayo;Acid Rockers
Tayo;Pupajim
Acid Rockers;Pupajim
VarieDub;Tunelon Iration
Violinbwoy;Dan I
Eksman;Estudio Tres
Ondubground;Pupajim
Ondubground;Biga Ranx
Ondubground;Bob Marley
Pupajim;Biga Ranx
Pupajim;Bob Marley
Biga Ranx;Bob Marley
Winston Dub Project;Askata
Dacadub;Wicked Steppa
Murray Man;Haspar
Weeding Dub;Ras Divarius
Welders Hi-Fi;Sama Renuka
Welders Hi-Fi;Kandee
Sama Renuka;Kandee
Wellette Seyon;Dub Conductor
Dubbytek;Protoje
Dubbytek;Protoje
Dubbytek;Gappy Ranks
Protoje;Gappy Ranks
Alpha Steppa;Tenor Youthman
Wicked Dub Division;Mannaro Man
Adi Shankara;Maïcee
Wicked and Bonny;Kali Green
Wicked and Bonny;Culture Dub
Kali Green;Culture Dub
T-Horns;Organic Sound
Wildskank;Akira Dub
Simba Khan;Warriah Dan
Wu.D'Sound;SMAD
Wudub;Sennah
WuduB;Skankin B
WuduB;Lion MC
Skankin B;Lion MC
XL Mad;Lapo
Xucar Warriors;dub_cmd
YT;Iration Steppas
Ylaow;Animal Terrenal Spectral Dub
Mc Joss;Artz
Mc Joss;Ghana Sound
Artz;Ghana Sound
Zilla Dan;Likkle Dread
Yves Larock;Art-X
Zion Train;Daman
Zion Train;Propagandub
Daman;Propagandub
Alpha Steppa;Ras Tinny
Panda Dub;Zenzile
Critical Hi-Fi;El Fata
Critical Hi-Fi;Ghana Sound System
El Fata;Ghana Sound System
Wudub!?;SKG's Dub Alliance
Kasbar;JBWOY
Turntable Dubbers;Skarra Muchi
Alpha Omega;Jane Warriah
Alpha Steppa;Cian Finn
Alpha Steppa;Don Fe
Cian Finn;Don Fe
Atili;Tonto Irie
Atili;Joseph Cotton
Atili;Biga Ranx
Atili;Green Cross
Atili;Jay Speaker
Tonto Irie;Joseph Cotton
Tonto Irie;Biga Ranx
Tonto Irie;Green Cross
Tonto Irie;Jay Speaker
Joseph Cotton;Biga Ranx
Joseph Cotton;Green Cross
Joseph Cotton;Jay Speaker
Biga Ranx;Green Cross
Biga Ranx;Jay Speaker
Green Cross;Jay Speaker
Atili;Biga Ranx
Atili;Biga Ranx
Charlie P;OBF
i.rebel;vibe k
I Rebel;Original Dawa
Moa Anbessa;Jules I
Dubcreator;King Shiloh
L'Entourloop;Panda Dub
Manudigital;Panda Dub
Manudigital;Royal
Panda Dub;Royal
MGDK;I-Rebel
Mehdiman;Boombardub
OBF;Martin Campbell
Panda Dub;Youyou
Pupajim;Stand High Patrol
Ashkabad;After All
Krak In Dub;After All
Ondubground;After All
Aklea Neon;Anja G
Aklea Neon;Chakka
Aklea Neon;Damien Prophet
Aklea Neon;Dr Obi
Anja G;Chakka
Anja G;Damien Prophet
Anja G;Dr Obi
Chakka;Damien Prophet
Chakka;Dr Obi
Damien Prophet;Dr Obi
Aklea Neon;Dr Obi
Anja G;Dr Obi
Chakka;Dr Obi
Jah Billah;Anja G
Sheco;Anja G
Dubble;Anja G
Dubble;Anja G
Dubble;Mr Obi
Dubble;Mr Obi
Anja G;Dr Obi
Anja G;Dr Obi
Anja G;Dr Obi
Anja G;Dr Obi
Anja G;Dr Obi
Anja G;Dr Obi
Anja G;Mexican Stepper
Anja G;Dr Obi
Mexican Stepper;Dr Obi
Anja G;Mexican Stepper
Anja G;Dr Obi
Mexican Stepper;Dr Obi
Atili;Yanushka
Atili;Schlachthofbronx
Atili;Speng Bond
Atili;Biga Ranx
Atili;Canto Yalalteco
Atili;Jodybigfoot
Atili;Lil Slow
Jodybigfoot;Lil Slow
Atili;Roi Heenok
Atili;Biffty
Atili;Lidiop
Atili;Biffty
Atili;Alton Ellis
Atili;Gappy Ranks
Atili;Pinchers
Atili;Horace Handy
Atili;Tonto Irie
Atili;Lone Ranger
Atili;Max Romeo
Atili;Alton Ellis
Ondubground;Woddy Vibes
Tetra Hydro K;Woody Vibes
Panda Dub;Woody Vibes
Baltimores;La Bouture Dub
Baltimores;La Bouture Dub
Baltimores;La Bouture Dub
Barbes D;Mo'kalamity
Barbes D;Joseph Cotton
Barbes D;Joseph Cotton
Barbes D;S'Kaya
Barbés.D;Jennifer Paulos
Barbés.D;Naïma Mansri
Barbes D;Little R
Barbes D;Don Camilo
Black Hole Sound System;Saah Karim
Black Hole Sound System;Winston Francis
Brother Culture;Derrick Sound
Brother Culture;Derrick Sound
Emanuel;The Bionites
Ballistic Bunny;Vicky
Warbass Records;Sgt Juggler
Warbass Records;Joshua Bailey
Sgt Juggler;Joshua Bailey
Gary Clunk;Dub Machinist
Simple Man;Bud Warrior
Kandee;Ishabel
Low-K;Da D Man
DIY Sound;Feldub
DIY Sound;Gary Clunk
DIY Sound;Phoniandflore
Mighty Prophet;Dub Iration Sound System
Dubzoic;Idren Natural
Dubzoic;Dub Iration Sound System
Idren Natural;Dub Iration Sound System
Jah Free;Dub Iration Sound System
Vibronics;Dub Iration Sound System
Massada;Bethsab
Massada;Dub Iration Sound System
Bethsab;Dub Iration Sound System
Tsunami Wazahari;Saimn-I
Tsunami Wazahari;Dub Iration Sound System
Saimn-I;Dub Iration Sound System
Dr. Dubious;Ras Mat I
Dr. Dubious;Dub Iration Sound System
Ras Mat I;Dub Iration Sound System
Variedub;Burian Fyah
Variedub;Dub Iration Sound System
Burian Fyah;Dub Iration Sound System
Dub Caravan;Med Dred
Dub Caravan;Dub Iration Sound System
Med Dred;Dub Iration Sound System
Nucleus Roots;Dub Iration Sound System
ADUBta;Dan Imperial
ADUBta;Dub Iration Sound System
Dan Imperial;Dub Iration Sound System
Zion Train;Cian Finn
Zion Train;Dub Iration Sound System
Cian Finn;Dub Iration Sound System
DU3normal;Dub Iration Sound System
Ras Moa;Dub Iration Sound System
Danman;Indica Dubs
Danman;Forward Fever
Indica Dubs;Forward Fever
Danman;Indica Dubs
Danman;Forward Fever
Indica Dubs;Forward Fever
Danman;Indica Dubs
Danman;Forward Fever
Indica Dubs;Forward Fever
Dixie Peach;Alex Sci-Fi
Dixie Peach;Mr Zebre
Dixie Peach;Péah
Dixie Peach;Tozer
Dr Obi;Anja G
Dr Obi;Anja G
Dr Obi;Anja G
Dr.Obi;Queen Omega
Dr.Obi;Anja G
Dr.Obi;Tenna Star
Queen Omega;Anja G
Queen Omega;Tenna Star
Anja G;Tenna Star
Dub Cmd;Irie-D
Dub Cmd;Irie-D
Dub Dynasty;Cologne
Dub Dynasty;Iyano Iyanti
Dub Dynasty;Sis Jane Warriah
Dub Dynasty;Kiangana
Dub Dynasty;Cologne
Dub Dynasty;Violinbwoy
Dub Dynasty;Ras Tinny
Dub Dynasty;Kiangana
Dub Dynasty;Cologne
Dub Dynasty;Iyano Iyanti
Dub Dynasty;Sis Jane Warriah
Dub Dynasty;Kiangana
Dub Dynasty;Cologne
Dub Dynasty;Ras Tinny
Dub Dynasty;Kiangana
Dub Harp;Roaring Bass
Dub Harp;Marco Isla
Dub Harp;Loba
Dub Harp;Loba
Dub Harp;Loba
Dub Harp;Miniman
Dub Harp;Mahom
Aku Fen;El Fata
Dub Invaders;Aku-Fen
Dub Invaders;Omar Perry
Aku-Fen;Omar Perry
Dub Invaders;Aku-Fen
Dub Invaders;Omar Perry
Aku-Fen;Omar Perry
Aku Fen;El Fata
Dub Invaders;Brainless
Fabasstone;Earl 16
Fabasstone;Earl 16
Fabasstone;Echo Ranks
Dub Invaders;Fabasstone
Dub Invaders;Fabasstone
Dub Invaders;Joe pilgrim
Fabasstone;Joe pilgrim
Dub Invaders;Fabasstone
Dub Invaders;Joe pilgrim
Fabasstone;Joe pilgrim
Fabasstone;Echo Ranks
Dub Invaders;Led Piperz
Dub Invaders;Hatboy Harry
Led Piperz;Hatboy Harry
Led Piperz;Solo Banton
Dub Invaders;Led Piperz
Dub Invaders;Troy Berkley
Led Piperz;Troy Berkley
Natural High Dubs;Shanti-D
Dub Invaders;OBF
Dub Invaders;Omar Perry
OBF;Omar Perry
Fabasstone;Earl 16
Dub Invaders;Roots'n Future Hi-Fi
Dub Invaders;Lilly Melody aka Isiah
Roots'n Future Hi-Fi;Lilly Melody aka Isiah
Dub Invaders;Roots'n Future Hi-Fi
Dub Invaders;Lilly Melody aka Isiah
Roots'n Future Hi-Fi;Lilly Melody aka Isiah
Roots'n Future Hi-Fi;Zeb McQueen
Led Piperz;Solo Banton
Aku Fen;El Fata
Roots'n Future Hi-Fi;Zeb McQueen
Led Piperz;Solo Banton
Dub Invaders;Subactive
Twelve;Doubla J
Twelve;Doubla J
Dubamix;Marina P
Dubamix;Nada
Dubamix;Drowning Dog
Dubamix;L'1consolable
Dubamix;Daman
Dubamix;Mantis & Mal ev
Marina P;Nada
Marina P;Drowning Dog
Marina P;L'1consolable
Marina P;Daman
Marina P;Mantis & Mal ev
Nada;Drowning Dog
Nada;L'1consolable
Nada;Daman
Nada;Mantis & Mal ev
Drowning Dog;L'1consolable
Drowning Dog;Daman
Drowning Dog;Mantis & Mal ev
L'1consolable;Daman
L'1consolable;Mantis & Mal ev
Daman;Mantis & Mal ev
Dubamix;Nada
Dubamix;G(Latwal)
Nada;G(Latwal)
Dubamix;Joke
Dubamix;Daman
Dubamix;Fred Alpi
Daman;Fred Alpi
Dubar Sound;Lo Peaks
Dubar Sound;Lo Peaks
Dubar Sound;Lo Peaks
Dubar Sound;Lo Peaks
Dubar Sound;Vale
Dubar Sound;Dr Obi
Vale;Dr Obi
Dubar Sound;Vale
Dubar Sound;Dr Obi
Vale;Dr Obi
Dubar Sound;Vale
Dubar Sound;Dr Obi
Vale;Dr Obi
Dubar Sound;Vale
Dubar Sound;Dr Obi
Vale;Dr Obi
Dubkasm;Gorgon Sound
Dubkasm;OBF
Dubkasm;OBF
Homegrown Sound;Jacin
Homegrown Sound;Jacin
170589;Duderonomy
170589;Trident
Duderonomy;Trident
Badger Bob;Holly and Morgan
Sub Foundation;Duderonomy
Sub Foundation;Duderonomy
Dubzoic;Roaring Bass
Dubzoic;Tommy Evok
Dubzoic;Tommy Evok
Jacin;Earl 16
Jacin;Earl 16
Jacin;Earl 16
Echo Dopler;Khoe Wa
EchoBoy;Johnny Osbourne
EchoBoy;Johnny Osbourne
Eek A Mouse;Irie Ities
Eek A Mouse;Irie Ities
Enigmatik Dub;Marie Dubus
Enigmatik Dub;Alba
Pablo Raster;Gary Clunk
Pablo Raster;Sista Bethsabée
Gary Clunk;Sista Bethsabée
Pablo Raster;Gary Clunk
Pablo Raster;Gary Clunk
Pablo Raster;Gary Clunk
Georges Dub;Ifi
Georges Dub;Monkey Jhayam
Georges Dub;Twixymillia
Georges Dub;Ras Hassen Ti
Georges Dub;Prince Alla
Georges Dub;Thomso
Georges Dub;Earl Zero
Georges Dub;Lord Fayah
Georges Dub;Dawjah
Georges Dub;Lord Fayah
Georges Dub;Hélène Faure
Georges Dub;Hélène Faure
Georges Dub;Bélier
Georges Dub;Dawjah
Georges Dub;Bredda Dub
Georges Dub;Touch a Gold
Georges Dub;Ppua Lassy Hay
Georges Dub;Lord Fayah
Georges Dub;Lord Fayah
Georges Dub;Dawjah
Lord Fayah;Dawjah
Ginette Prod;Laura Canela
Ginette Prod;Ksanti
Ginette Prod;Full Vibes
Ginette Prod;Ceïkaba
Ginette Prod;MayhemSound
Ginette Prod;Ksanti
Laurent Fuelzy;Hawkeye
Knights of Mandala;Gyn K
Weeding Dub;Vivian Jones
Deaf Factory;B3X
Bud Stepper;Guigz
Matimatou;Radja Issa
Footprint System;Guru Pope
Ksanti;Owl Trackers
Ksanti;King Zois
Ksanti;Noélie
Owl Trackers;King Zois
Owl Trackers;Noélie
King Zois;Noélie
Warbass records;Laly Warriah
Nomadub;Fullvibes
Nomadub;Fullvibes
Nomadub;Zabaa
Nomadub;Zabaa
HandyMan;Ceikaba
HandyMan;Ceikaba
HandyMan;Ceikaba
HandyMan;Ceikaba
Fikir Amlak;KDP
Fikir Amlak;Himera Records
KDP;Himera Records
Fikir Amlak;KDP
Fikir Amlak;Himera Records
KDP;Himera Records
Fikir Amlak;KDP
Fikir Amlak;Himera Records
KDP;Himera Records
Ishiban;Vulgar Grooves
Ishiban;Sumac Dub
Ishiban;Doctor C
Ishiban;Adi Shankara
Jean-Paul Dub;Vj Pansketel
Jabbadub;RaZtaMama
Jabbadub;RaZtaMama
Jabbadub;RaZtaMama
Brain Damage Dub Sessions;Sir Jean
Dub Addict;Brain Damage
High Tone;Brother Culture
Brain Damage;Improvisators Dub
Brain Damage;High Tone
Improvisators Dub;High Tone
Vibronics;Kaly Live Dub
Maÿd Hubb;Löbe Radiant Dub System
Stand High Patrol;Joe Yorke
Stand High Patrol;Joe Yorke
Injham;Sammy Gold
injham;Tenna Star
Injham;Rebel Congo
Injham;Brother Culture
Injham;Dr Ring Ding
Injham;King General
Injham;ShadowMan
Injham;Ricky Chaplin
injham;I Rebel
Injham;Imanouel Roots
Injham;Charlie P
Injham;Ras Divarius
Kandee;Sama Renuka
Kandee;Sama Renuka
Kandee;Sama Renuka
Kandee;Sama Renuka
Kandee;Sama Renuka
Kandee;JahYu
Sama Renuka;JahYu
Kandee;Sama Renuka
Kanka;Mark Iration
Kanka;Sr. Wilson
Kanka;Twan Tee
La Bouture Dub;Ti Zion
La Bouture Dub;Ti Zion
La Bouture Dub;Mama Milonga
La Bouture Dub;Guru Banton
Le Faune Stepper;Pierre et Victor
Leruja;P2M
Lewis Bennett;Sista Oona
Lewis Bennett;Sista Oona
Lewis Bennett;Rufus Fry
Lewis Bennett;Don Hartley
Lewis Bennett;Don Hartley
Leylo;Kali Green
Fikir Amlak;King Alpha
Fikir Amlak;King Alpha
Linval Thompson;King Alpha
Linval Thompson;King Alpha
Mr Zebre;Lisa Dainjah
Mr Zebre;Lisa Dainjah
Mr Zebre;Lisa Dainjah
Mr Zebre;Lisa Dainjah
Mr Zebre;Lisa Dainjah
Mr Zebre;Lisa Dainjah
Manco;Ceikaba
Manco;Dread Max
Georges Dub;Pupa Lassy Hay
Shrektone;Fatbass
Injham;Zion Irie
Injham;Jah Command
Injham;Ricky Chaplin
Jah Command;Ricky Chaplin
Injham;Frankie Dread
Injham;Sammy Gold
Frankie Dread;Sammy Gold
Injham;Tipa Bol
Injham;Ricky Chaplin
Osiris MC;Injham
Injham;King General
Injham;King General
Injham;P.A.F.
King General;P.A.F.
Injham;Mexican Stepper
Injham;Zion Irie
Mexican Stepper;Zion Irie
Injham;Tipa Bol
Injham;Osiris MC
Injham;Ricky Chaplin
Injham;Osiris MC
Injham;Miss Osiris
Osiris MC;Miss Osiris
Injham;Frankie Dread
Injham;Sammy Gold
Frankie Dread;Sammy Gold
Injham;Zion Irie
Injham;Dubba Do
Injham;I-Bel
Dubba Do;I-Bel
Injham;Dubba Do
Injham;Du3normal
Dubba Do;Du3normal
Injham;KingFly
Injham;Inspeckath Docc
Injham;Cloud Of Vibs
Injham;P.A.F.
Injham;Cyndica
Injham;P.A.F.
Injham;Moshi Kamachi
Injham;Cyndica
Injham;Malone Rootikal
Injham;Cloud Of Vibs
Injham;RunDubPlan
Injham;Du3normal
Injham;Original Dub Radicals
Injham;Cyndica
Injham;Cyndica
Injham;P.A.F.
Cyndica;P.A.F.
Injham;Dub.Versif
Injham;Mexican Stepper
Moony;Daga
Moony;Spiczon
Moony;Banati Crew
Spiczon;Banati Crew
Moony;Ania
Moony;Jul I
Moony;Jakub Selassie
Moony;Morc in Dub
Jul I;Jakub Selassie
Jul I;Morc in Dub
Jakub Selassie;Morc in Dub
Moony;Jul I
Moony;Bobski
Moony;Aswagundub
Jul I;Bobski
Jul I;Aswagundub
Bobski;Aswagundub
Moony;Jul I
Moony;Jul I
Moony;Nikita
Jul I;Nikita
The Biologists;Marie
The Biologists;Embers
Phoniandflore;Chris Wenten
Phoniandflore;SkonC
Phoniandflore;The ChemisT
SkonC;The ChemisT
Phoniandflore;Roots Zombie
Phoniandflore;N-Tone
Caracas Dub;Micronomade
Semiah the Dub Alchemist;Yaad Mob
Semiah the Dub Alchemist;Selah Collins
Semiah the Dub Alchemist;Baltimores
Semiah the Dub Alchemist;Damas
Semiah the Dub Alchemist;Selah Collins
Semiah the Dub Alchemist;Ghilou Bwoy
Semiah the Dub Alchemist;Damas
Semiah the Dub Alchemist;Baltimores
Semiah the Dub Alchemist;Alex Pep's
Le Lab;Crucial Rob
Dawood Sound System;Ksanti
Dawood Sound System;King Fly
Wu.D;Jolly Steward
Wu.D;Jolly Steward
Wu.D;Jolly Steward
Wu.D;Jolly Steward
Wu.D;Jolly Steward
Leruja;Guru Banton
Leruja;Don Pedro
Leruja;Don Kultcha
Leruja;Mehdiman
Leruja;Doctor C
Leruja;Blackout JA
Stepper Sons;King Zoïs
NPK;Tetra Hydro K
NPK;Le Jo
Dubba Do;Dawa
Moony;Morc in Dub
Moony;Mari
Moony;Eve
Moony;Dawood Sound System
Moony;Mc Polish Man
Moony;Pablo Raster
Mc Polish Man;Pablo Raster
Moony;Banati Crew
Moony;Nikita
Banati Crew;Nikita
Moony;Daga
Moony;Mc Polish Man
Moony;Morc in Dub
Moony;Jula
Morc in Dub;Jula
Moony;Spiczon
Moony;Jula
Moony;Morc in Dub
Jula;Morc in Dub
Psiloshock;F.Ox
Psiloshock;System 53
Psiloshock;Sin13
Psiloshock;System 53
Psiloshock;Blondi
Redwood Dub;Air max
Redwood Dub;Air max
Redwood Dub;Matlow
Redwood Dub;Krone
Redwood Dub;Creative Dubs
Krone;Creative Dubs
ARTK;WOODUB
ARTK;WOODUB
T-Horns;Mathis
T-Horns;Mathis
T-Horns;Greg Sax
Phoniandflore;TiWadi
Phoniandflore;Razaman
Phoniandflore;Hotblood
N-Tone Dub;MatDTSound
N-Tone Dub;SkonC
N-Tone Dub;Injham
N-Tone Dub;Sammy Golf
N-Tone Dub;P.A.F.
Sammy Golf;P.A.F.
N-Tone Dub;PhoniAndFlore
N-Tone Dub;P.A.F.
PhoniAndFlore;P.A.F.
Rootsteppa;Dr. G
Rootsteppa;Toully
Rootsteppa;I-Bel
Rootsteppa;Step High
Rootsteppa;Jennifer Paulos
Rootsteppa;Redneck Sound
Rootsteppa;Toully
Radadub;I Rebel
Mexican Stepper;Gary Clunk
Mexican Stepper;Thriakis Dub Destroyer
Mexican Stepper;Fikir Amlak
Mexican Stepper;N-Tone
Mexican Stepper;Jean-Paul Dub
Mexican Stepper;Antxon Sagardui
Mexican Stepper;Tor ma in dub
Mexican Stepper;Full Dub
Easy Deviance;Shane Menace
Easy Deviance;Zippo
Easy Deviance;Roma Kamal
Easy Deviance;Shane Menace
Easy Deviance;Full Dub
Easy Deviance;Woody Vibes
Easy Deviance;Lil Fish
Nawak British;SkonC
Nawak British;Robert Jean
Skonc;Woody Craft
Skonc;Woody Craft
P.A.F.;Bruno MDC
Kandee;Ma Ma Tya
Kandee;Fyah Lo
Ma Ma Tya;Fyah Lo
Kandee;Tsunami Wazahari
Kandee;Mexican Stepper
Kandee;RDH
Kandee;Mahom
Kandee;Phoniandflore
Alpha B;Danman
Alpha B;Adrian Chirilla
Alpha B;Natural Tribulation
Alpha B;Ranking Dread
The Dub Doctor;Mc Sunchild
The Dub Doctor;Gina Arrigan
Mc Sunchild;Gina Arrigan
The Dub Doctor;Mc Sunchild
The Dub Doctor;Gina Arrigan
Mc Sunchild;Gina Arrigan
The Dub Doctor;Mesajah
The Dub Doctor;Mc Rungus
Mesajah;Mc Rungus
The Dub Doctor;P.A.F.
The Dub Doctor;P.A.F.
The Dub Doctor;DJ Giotto
The Dub Doctor;Mr UpFull
The Dub Doctor;Brigadier JC
The Dub Doctor;Mc Rungus
The Dub Doctor;DJ Giotto
The Dub Doctor;Toluking
The Dub Doctor;Mc Sunchild
The Dub Doctor;Gina Arrigan
Mc Sunchild;Gina Arrigan
The Dub Doctor;Mc Rungus
The Dub Doctor;Bobby Smooth
The Dub Doctor;Mc Rungus
Bobby Smooth;Mc Rungus
The Dub Doctor;Mc Rungus
The Dub Doctor;Mc Sunchild
Mc Rungus;Mc Sunchild
The Dub Doctor;Mc Rungus
The Dub Doctor;Mc Rungus
Shan A Shan;Madi Simmons
Shan A Shan;Rhollande Dumont
P.A.F.;Razaman
Ghana Sound System;Mc Joss
Ghana Sound System;SkonC
Ghana Sound System;Kandee
Mintao;Raving Records
Mintao;Soma Dub
Mintao;Dirty Dub
Mintao;Soma Dub
Dub.versif;Peperodubz
Dub.versif;Peperodubz
NoFingerNails;Ranking Dee
NoFingerNails;Ranking Dee
No Finger Nails;Ranking Dee
NoFingerNails;Ranking Dee
NoFingerNails;Michael Exodus
NoFingerNails;Resistance in Dub
Dubba Do;Dawa
Dubba Do;Sam
Dubba Do;Daman
Dubba Do;Mc Joss
Woody Vibes;Ob.dub
SwitchyDub;DubbyTeck
SwitchyDub;Mexican Stepper
SwitchyDub;KingFly
SwitchyDub;P.A.F
SwitchyDub;Cloud of vibs
SwitchyDub;Projet Nova 6
SwitchyDub;Koala Dub Squad
Kandee;Jahzz
Kandee;Jahzz
Kandee;Jahzz
Kandee;Ophelia
Jahzz;Ophelia
Kandee;Jahzz
Kandee;Jahzz
Kandee;Brother Culture
Jahzz;Brother Culture
Kandee;Jahzz
Kandee;Jahzz
Kandee;Jahzz
Kandee;Camille
Jahzz;Camille
Kandee;Jahzz
P.A.F.;Brune MDC
Phoniandflore;Jereeko
P.A.F.;Nanoub
P.A.F.;Dub Machinist
P.A.F.;Nawak British
Ghana Sound System;Mc Joss
Ghana Sound System;Mathis
Ghana Sound System;Mathis
Ghana Sound System;Mc Joss
Ghana Sound System;Atlas Dub
Ghana Sound System;T-Horns
Mc Joss;Atlas Dub
Mc Joss;T-Horns
Atlas Dub;T-Horns
Skunk Kut;Janiss Anton
Skunk Kut;Mr Monkye D
Skunk Kut;Politricks
Mr Monkye D;Politricks
Projet Nova 6;DubbyTek
Projet Nova 6;P.A.F.
DuBoLoGy;PhOniAndFlOrE
Loba;Dubbaker
Loba;Radadub
Loba;FootPrint System
Joseph Jossy Jo;Antipod Record
Joseph Jossy Jo;Nasambu
Joseph Jossy Jo;Rosa Shanti
Josseph Jossy Jo;Jo Kalme
Josseph Jossy Jo;Dreadsquad
Jo Kalme;Dreadsquad
Sumac Dub;The Maucal's
Sumac Dub;The Maucal's
Sumac Dub;The Maucal's
Sumac Dub;The Maucal's
Sumac Dub;The Maucal's
Sumac Dub;The Maucal's
Sumac Dub;The Maucal's
Aywaken;60Z
Aywaken;Dji
Aywaken;The Ambientalist
Aywaken;Didge Reesby
Aywaken;Dayo
Aywaken;Step High
P.A.F.;I-BEL
Warbass Dub;I-BEL
Warbass Dub;I-BEL
Rafik Sound System;Mc Joss
Rafik Sound System;Artz
Mc Joss;Artz
Rafik Sound System;Phoniandflore
Rafik Sound System;Mc Joss
Rafik Sound System;Mc Joss
Rafik Sound System;Phoniandflore
Rafik Sound System;Ras Kenroll
Rafik Sound System;Ras Kenroll
Dawood Sound System;Le Lab
Maka Baobab;Tillabery
Maka Baobab;Silvia
Tillabery;Silvia
Maka Baobab;Mighty Patch
Maka Baobab;N-Tone
Maka Baobab;Dandelion
Maka Baobab;Cash Flow
Phoniandflore;Mighty Patch
Phoniandflore;Sim RDH
Mighty Patch;Sim RDH
Phoniandflore;Mc Joss
Phoniandflore;Ras KenRoll
Phoniandflore;Bruno MDC
Hightai;Wisemani
Hightai;Ras Mac Bean
Hightai;Carlton Livingston
Natural Skankers;Rikashi
Don Alduck;Hemanifezt
Izmo;Preecha Kongo
Hydrolik;Artz
Phaz-M Dub;Niimo
Phaz-M Dub;Niimo
Docteur Ganjah;Dubbytek
Markus and Shahzad;Sumac Dub
Massilia Hi-Fi;Baltimores
Massilia Hi-Fi;Baltimores
Massilia Hi-Fi;Baltimores
Massilia Hi-Fi;Mezcal
Massilia Hi-Fi;Mowgly
Massilia Hi-Fi;Dedoo
Mezcal;Mowgly
Mezcal;Dedoo
Mowgly;Dedoo
Massilia Hi-Fi;Mezcal
Massilia Hi-Fi;Mowgly
Massilia Hi-Fi;Dedoo
Mezcal;Mowgly
Mezcal;Dedoo
Mowgly;Dedoo
Massilia Hi-Fi;Mezcal
Massilia Hi-Fi;Mowgly
Massilia Hi-Fi;Dedoo
Mezcal;Mowgly
Mezcal;Dedoo
Mowgly;Dedoo
Massilia Hi-Fi;Mezcal
Massilia Hi-Fi;Mowgly
Massilia Hi-Fi;Dedoo
Mezcal;Mowgly
Mezcal;Dedoo
Mowgly;Dedoo
AlexROP;Smerz
AlexROP;Mercy
AlexROP;Jossman
Smerz;Mercy
Smerz;Jossman
Mercy;Jossman
Mercy;Jossman
Mercy;Weedo
Mercy;Missah
Jossman;Weedo
Jossman;Missah
Weedo;Missah
KingFly;Mercy
Mercy;Phil
Mercy;Morzion
Phil;Morzion
Mercy;Elijah
Mercy;Cody
Mercy;Lo
Elijah;Cody
Elijah;Lo
Cody;Lo
Mercy;Jojo Irie Smile
Mercy;Jossman
Mercy;Lo
Mercy;Elijah
Mercy;Cody
Lo;Elijah
Lo;Cody
Elijah;Cody
Mercy;MC Jubos
Mercy;Moîse The Dude
Mercy;Crazy
MC Jubos;Moîse The Dude
MC Jubos;Crazy
Moîse The Dude;Crazy
Mercy;Phil
Mercy;Morzion
Phil;Morzion
Mercy;Ryon
Mercy;Ryon
Mercy;Misah
Mercy;Weedo
Misah;Weedo
Mercy;Baltimores
Mercy;Elijah
Baltimores;Elijah
Mercy;Papa Crazy
Mercy;Elijah
Papa Crazy;Elijah
Mercy;Lo
Mercy;Sista Bethsabée
Mercy;G-Rhyme General
Mercy;Smerz
Mercy;Alex
Smerz;Alex
Mercy;Daman
Mercy;Jacko
Mercy;Jeremy Turpin
Daman;Jacko
Daman;Jeremy Turpin
Jacko;Jeremy Turpin
Mercy;Jeremy Turpin
Mercy;KingFly
Mercy;Wisemani
Moony;El Viento Oriental
Moony;Mari
Moony;HandPanarama
Mari;HandPanarama
Baltimores;Oddy
Baltimores;Kara'Basse Sound
Oddy;Kara'Basse Sound
Kara'Basse Sound;Jerricho
Kara'Basse Sound;Jamie
Kara'Basse Sound;Lucchino
Kara'Basse Sound;Oddy
Jerricho;Jamie
Jerricho;Lucchino
Jerricho;Oddy
Jamie;Lucchino
Jamie;Oddy
Lucchino;Oddy
Kara'Basse Sound;Oddy
Kara'Basse Sound;Oddy
Kara'Basse Sound;Callaghan
Oddy;Callaghan
Mungo's Hi Fi;Gardna
Mungo's Hi Fi;Catching Cairo
Gardna;Catching Cairo
Mungo's Hi Fi;Marina P
Mungo's Hi Fi;Marina P
Mungo's Hi Fi;Marina P
Mungo's Hi Fi;Marina P
Mungo's Hi Fi;Marina P
Mungo's Hi Fi;Marina P
Mungo's Hi Fi;Marina P
Mungo's Hi Fi;Marina P
Mungo's Hi Fi;Marina P
Mungo's Hi Fi;Marina P
Mungo's Hi Fi;Marina P
NPK;Le Jo
NPK;Green TnT
Nai-Jah;The Ligerians
Nai-Jah;Alpha Steppa
The Ligerians;Alpha Steppa
Nai-Jah;The Ligerians
Nai-Jah;Alpha Steppa
The Ligerians;Alpha Steppa
Nello B;Sizzla
Nello B;OBF
OBF;Polera
Nomadub;Handyman
Nomadub;Handyman
Nomadub;Manco
Nomadub;Cogli P
Nomadub;Ramadub
Handyman;Manco
Handyman;Cogli P
Handyman;Ramadub
Manco;Cogli P
Manco;Ramadub
Cogli P;Ramadub
Nomadub;Cogli P
Nomadub;Cogli P
Nomadub;Ramadub
Cogli P;Ramadub
OBF;Charlie P
OBF;IRAH
OBF;Killa P
Charlie P;IRAH
Charlie P;Killa P
IRAH;Killa P
OBF;Tippa Irie
OBF;Charlie P
OBF;Belen Natali
OBF;Sr Wilson
Belen Natali;Sr Wilson
OBF;Biga Ranx
OBF;Sr Wilson
Biga Ranx;Sr Wilson
OBF;Pupajim
OBF;Josepj Lalibela
OBF;Charlie P
OBF;Killa P
Charlie P;Killa P
OBF;Biga Ranx
OBF;Daddy Freddy
OBF;Junior Roy
Daddy Freddy;Junior Roy
OBF;Horace Handy
OBF;Horace Handy
OBF;Horace Handy
U.Stone;Val Dawa
U.Stone;Val Dawa
U.Stone;Hard Steppa
Sir Oliver Skardy;Fahrenheit 451
Mahom;Fedayi Pacha
Mahom;Daba Makourejah
Mahom;Tetra Hydro K
Full Dub;Joe Pilgrim
Roots Raid;Turbo Turp
Roots Raid;Billy Berry
Turbo Turp;Billy Berry
Roots Raid;Shanti D
Roots Raid;Ranking Joe
Roots Raid;Mael Hornsraid
Roots Raid;Billy Berry
Roots Raid;Mighty Cricket
Roots Raid;Shanti D
Mahom;Jolly Joseph
Mahom;Flo
Mahom;Artr-X
Mahom;Simple Spelim
Thriakis Dub Destroyer;Natanja
Thriakis Dub Destroyer;Rebel-I
Thriakis Dub Destroyer;Maky Macrönz
Roots Raid;Ranking Joe
Roots Raid;Turbo Turps
Roots Raid;Billy Berry
Turbo Turps;Billy Berry
Roots Raid;Shanti D
Roots Raid;Ranking Joe
Roots Raid;Billy Berry
Roots Raid;Mighty Cricket
Roots Raid;Shanti D
Roots Raid;Shanti D
Roots Raid;Billy Berry
Roots Raid;Turbo Turps
Roots Raid;Billy Berry
Turbo Turps;Billy Berry
Roots Raid;Mighty Cricket
MDC;Charlie P
Kandee;Adi Shankara
Kandee;Maïcee
Kandee;Jahzz
Kandee;Dubbytek
Bass Trooperz;Mahom
Thriakis Dub Destroyer;Sensi-T
Thriakis Dub Destroyer;Shiva
Thriakis Dub Destroyer;Natanja
Thriakis Dub Destroyer;Rebel I
Thriakis Dub Destroyer;Sista Bethsabée
Tetra Hydro K;Saadji
Tetra Hydro K;Panda Dub
Tetra Hydro K;Sama Renuka
Adi Shankara;Kiangana
Adi Shankara;Maïcee
Ackboo;Dan I Locks
Ackboo;Malone Rootikal
Dan I Locks;Malone Rootikal
Ackboo;Brother Culture
Ackboo;Ashanti Selah
Brother Culture;Ashanti Selah
Ackboo;Horace Andy
Ackboo;Gary Clunk
Horace Andy;Gary Clunk
Ackboo;S'Kaya
Ackboo;Dubmatix
S'Kaya;Dubmatix
Ackboo;Maicee
Ackboo;U.Stone
Maicee;U.Stone
Ackboo;Marcus Gad
Ackboo;Linval Thompson
Ackboo;Dawa Hifi
Linval Thompson;Dawa Hifi
Ackboo;Green Cross
Ackboo;RVDS
Green Cross;RVDS
DreadFul;SlimFat
Full Dub;Soulprodz
Thriakis Dub Destroyer;Sensi-T
Thriakis Dub Destroyer;Janiss Anton
Thriakis Dub Destroyer;Brothers Vibes
DreadFul;SlimFat
Black Beanie Dub;Ranking Dread
Black Beanie Dub;George Palmer
Black Beanie Dub;Sama Renuka
Black Beanie Dub;Ashkabad
Black Beanie Dub;Morgan IB
Black Beanie Dub;Troy Berkley
Mahom;Pupajim
Alpha Steppa;Dub Dynasty
Alpha Steppa;Martin Campbell
Dub Dynasty;Martin Campbell
Radikal Guru;Shanti D
Tetra Hydro K;Sabry
Alpha Steppa;Dub Dynasty
Alpha Steppa;Martin Campbell
Dub Dynasty;Martin Campbell
Woobedub;Hélène Faure
Woobedub;Christophe Agati
Hélène Faure;Christophe Agati
Tetra Hydro K;Neena
Art-X;Dreadsquad
Art-X;Kojo Neatness
Dreadsquad;Kojo Neatness
Art-X;Massive Dub Coporation
Art-X;Ranking Joe
Massive Dub Coporation;Ranking Joe
Art-X;Black Beanie Dub
Art-X;Ondubground
Art-X;Jahko Lion
Ondubground;Jahko Lion
Art-X;Roll & Record
Art-X;Likkle Jordee
Roll & Record;Likkle Jordee
Art-X;Dubamine
Art-X;Mexican Stepper
Bisou;Towst
Bisou;Zaira Zen
Saadji;Mihasane
Saadji;Abo Talib
Saadji;Marika
Abo Talib;Marika
Saadji;Marika
Sumac Dub;BoobsyLulu
Sumac Dub;The Maucal's
Skunk Kut;High Grade Steppaz
Ishiban;Shiva
Ishiban;Guru Banton
Ishiban;Rob
Kandee;Twan Tee
Kandee;Twan Tee
Panda Dub;Youyou
Welders Hi Fi;Joe Pilgrim
Black Beanie Dub;Sama Renuka
Danakil;OnDubGround
Black Beanie Dub;Guru Banton
Black Beanie Dub;Dixie Peach
Black Beanie Dub;Art-X
OnDubGround;Chill Bump
OnDubGround;Crenoka
Chill Bump;Crenoka
Rakoon;Tetra Hydro K
Tetra Hydro K;Brainless
Tetra Hydro K;Brainless
Tetra Hydro K;Tiber
Brainless;Tiber
Tetra Hydro K;Brainless
Tetra Hydro K;Brainless
Tetra Hydro K;Brainless
Tetra Hydro K;Brainless
Tetra Hydro K;Brainless
Ob.dub;Margot Berthet
Ob.dub;Christophe Agati
Skunk Kut;Monkey D
Skunk Kut;Woody Vibes
Skunk Kut;U-Stone
Skunk Kut;Dreadful
Skunk Kut;Ishiban
U.STONE;GC
U.STONE;Viniselecta
U.STONE;Skunk Kut
U.STONE;Switchydub
Brainless;Shiva
Brainless;Guru Banton
Shiva;Guru Banton
Brainless;Tetra Hydro K
Brainless;Guru Banton
Brainless;Junior Roy
Brainless;The B'eB Crew
Junior Roy;The B'eB Crew
Brainless;Likkle Lion
Brainless;Sensi-T
Likkle Lion;Sensi-T
Brainless;Doctor C
Brainless;Shiva
Brainless;Ishiban
Brainless;Nish Wadada
Brainless;Wandem Hornz
Nish Wadada;Wandem Hornz
Brainless;Likkle Ferguson
Antxon Sagardui;Ranking Sepah
Antxon Sagardui;Ranking Sepah
Antxon Sagardui;Ranking Sepah
Antxon Sagardui;Ranking Sepah
Mahom;Luiza
Woody Vibes;KDS
Brainless Sound System;Pong
DreadFul;Massakos
DreadFul;Massakos
DreadFul;Massakos
DreadFul;Massakos
Thriakis Dub Destroyer;DZillaX
Thriakis Dub Destroyer;Solo Cino
Pablo Raster;Hornsman Coyote
Pablo Raster;Hornsman Coyote
Pablo Raster;Hornsman Coyote
Pablo Raster;Hornsman Coyote
Pablo Raster;Hornsman Coyote
Pablo Raster;Hornsman Coyote
Pablo Raster;Hornsman Coyote
Pablo Raster;Hornsman Coyote
Uzul;Sir Jean
Uzul;Art-X
Sir Jean;Art-X
Uzul;Sir Jean
Uzul;Pablo Raster
Sir Jean;Pablo Raster
Uzul;Sir Jean
Uzul;Dub Addict
Sir Jean;Dub Addict
Uzul;Sir Jean
Uzul;Black Beanie Dub
Sir Jean;Black Beanie Dub
Jabbadub;Raztamama
Jabbadub;Mista B
Jabbadub;MC Polish Man
Jabbadub;Mc Liper
Jabbadub;Banati Crew
Jabbadub;Roots Zombie
Chill Bump;Ondubground
Vulgar Grooves;Guru Banton
Vulgar Grooves;Doctor C
Guru Banton;Doctor C
JAEL;Towst
Ondubground;Don Hadriannos
Ondubground;Panda Dub
Don Hadriannos;Panda Dub
Rakoon;Art-X
Tiburk;Kandee
Bass Trooperz;Sumac Dub
Antxon Sagardui;Ranking Sepah
Antxon Sagardui;Bisou
Ranking Sepah;Bisou
Tetra Hydro K;Brainless
Tetra Hydro K;Ashkabad
Brainless;Ashkabad
Roots Raid;Afrikan Simba
Roots Raid;Full Dub
Afrikan Simba;Full Dub
Full Dub;Panda Dub
Full Dub;Mahom
Full Dub;Rakoon
Sumac Dub;Art-X
Sumac Dub;Biga Ranx
Sumac Dub;Ishiban
Sumac Dub;The Maucal's
Black Beanie Dub;El Indio
Black Beanie Dub;George Palmer
Black Beanie Dub;Ras Divarius
Black Beanie Dub;Handyman
Black Beanie Dub;Guru Banton
Art-X;Shaky Norman
Art-X;Gyn K
Art-X;Don Camilo
Gyn K;Don Camilo
Art-X;Kojo Neatness
Kanka;Art-X
Khoe-Wa;LUIZA
Biga Ranx;Ondubground
Vulgar Grooves;Sensi T
Sumac Dub;Art-X
Radio Byzance;Plus Stepper
Roots Raid;Ramon Judah
Roots Raid;Jeep
Ramon Judah;Jeep
Troy Berkley;Krak In Dub
Black Beanie Dub;Geoge Palmer
Black Beanie Dub;Zulu Vibes
Geoge Palmer;Zulu Vibes
Black Beanie Dub;Guru Pope
Black Beanie Dub;Art-X
Black Beanie Dub;HandyMan
Art-X;HandyMan
Black Beanie Dub;Guru Banton
Black Beanie Dub;HandyMan
Guru Banton;HandyMan
Ashkabad;Baltimores
Ashkabad;Baltimores
Ashkabad;Baltimores
Ashkabad;Baltimores
Feldub;Danman
Feldub;The Subvisors
Danman;The Subvisors
Feldub;Kojo Neatness
Feldub;Roots Zombie
Kojo Neatness;Roots Zombie
Feldub;Fabasstone
Feldub;Shanti D
Fabasstone;Shanti D
Feldub;Thomas Anton
Feldub;Dub machinist
Thomas Anton;Dub machinist
Feldub;U-Brown
Feldub;Dreadsquad
U-Brown;Dreadsquad
Feldub;Thomas Anton
Feldub;Dub machinist
Thomas Anton;Dub machinist
Feldub;Art-X
Feldub;Marina P
Feldub;Kojo Neatness
Feldub;Mr Williamz
Feldub;Fabasstone
Feldub;Shanti D
Fabasstone;Shanti D
Jabbadub;Mista B
Jabbadub;RazTaMama
Jabbadub;Baptiste
Jabbadub;Daddy Bozo
Ondubground;Kaly Live Dub
Ondubground;Rod Taylor
Kaly Live Dub;Rod Taylor
JAEL;Ashkabad
JAEL;Sumac Dub
JAEL;The Maucals
Sumac Dub;The Maucals
JAEL;DOOD
JAEL;Bakû Dub
JAEL;Kid Cudi
Brainless;Vibronics
Sensi T;Digital Skankers
Guru Banton;Haspar
Sensi T;Krak in Dub
Lo;Ishiban
Shiva;Mr Zebre
Sensi T;Dubanko
Guru Banton;Kri des Singes
Sensi T;Crudobilbao
Guru Banton;Subtroopers
Dubanko;Nawa
Dubanko;Robinson
Dubanko;Ob.dub
Sumac Dub;Art-X
Sumac Dub;Art-X
Sumac Dub;Flavia Coelho
Art-X;Flavia Coelho
Sumac Dub;Art-X
Sumac Dub;Art-X
Sumac Dub;Crenoka
Art-X;Crenoka
Sumac Dub;Art-X
Sumac Dub;Art-X
Bandikoot;Mux
Bandikoot;Shiva
Bandikoot;Fat Jeff
Panda Dub;Art-X
Tetra Hydro K;Tom Spirals
Tetra Hydro K;Björk
Tom Spirals;Björk
Ondubground;El Fata
Ondubground;Yanneck
El Fata;Yanneck
Thriakis Dub Destroyeur;Maky Macrönz
I-Roy;Michael Rose
Jackie Mittoo;Joseph Cotton
Jackie Mittoo;Biga Ranx
Joseph Cotton;Biga Ranx
Judith Mowatt;Joseph Cotton
Judith Mowatt;Biga Ranx
Joseph Cotton;Biga Ranx
Alton Ellis;Biga Ranx
Alton Ellis;Green Cross
Biga Ranx;Green Cross
Dr C;Guru Banton
Gary Clunk; Ras Powa
Kalina in Dub;Michael Melody Tune
The Dub Doctor;Natty Wailer
The Dub Doctor;MC. Rungus
Natty Wailer;MC. Rungus
Jabbadub;Raz ta Mama
U.Stone;Mael Cageron
U.Stone;Anthony Tonio Henocq
Mael Cageron;Anthony Tonio Henocq
WuduB;Wow Pufflov
Dubbytek;Gappy Ranks
Loba;Dub Harp
Kandee;Sumac
MakaRon;Inity Dub Mission
Pazurtupaka;Polish Man
Dubzoic;Tommy Evok
Mr Zebre;Sis I-Leen
Green Roots;Dusza
Dub Harp;Loba
Lo-End Dub;XinO
Mr Zebre;Lasai
Mr Zebre;Lasai
Mr Zebre;Lasai
Mr Zebre;Lasai
R-Dug;Baltimores
R-Dug;Joe Pilgrim
R-Dug;Rodj
R-Dug;Jordi Tisserand
R-Dug;Jinin
R-Dug;Azaliah
R.Esistence In Dub;Longfingah
R.Esistence In Dub;Longfingah
R.Esistence In Dub;Longfingah
R.Esistence In Dub;Longfingah
R.Esistence In Dub;Longfingah
R.Esistence In Dub;Longfingah
Roots Raid;Shanti D
Roots Raid;Shanti D
Radikal Guru;Troy Berkley
Ras Addis;Ishiban
Ras Addis;Ishiban
Red'Wine;Le Faune Stepper
Red'Wine;Noval
Red'Wine;Maïs & Sin
Red'Wine;Dubamix
Red'Wine;Mexican Stepper
Red'Wine;MonkaZ
Red'Wine;Noval
Red'Wine;Monk'aZ
Red'Wine;Monk'aZ
Red'Wine;Don Valdes
Monk'aZ;Don Valdes
Red'Wine;Monk'aZ
Red'Wine;Monk'aZ
Red'Wine;Monk'aZ
Red'Wine;Monk'aZ
Red'Wine;Monk'aZ
Red'wine;Tom Spirals
Red'wine;Jah Jah Man
Red'wine;Ecophylia
Red'wine;G-Zu
Sin;Maïs
Sin;Brother Culture
Maïs;Brother Culture
Sin;Maïs
Sin;Maïs
Sin;Charlie P
Maïs;Charlie P
Sin;Maïs
OnDubGround;Full Dub
OnDubGround;Full Dub
Salvatge Sound;Ashkabad
Salvatge Sound;Digiman Dub
Salvatge Sound;Loba
Salvatge Sound;Khoe-Wa Dub System
Sista Livity;Good Over Evil
Sista Livity;Good Over Evil
Stepart;King Tunis
Stepart;King Tunis
Stepart;King Tunis
Stepart;King Tunis
Stepart;King Tunis
Stepart;King Tunis
Alpha Steppa;Ashanti Selah
Alpha Steppa;Awa Fall
Ashanti Selah;Awa Fall
Alpha Steppa;Ashanti Selah
Alpha Steppa;Nai-Jah
Alpha Steppa;Arkaingelle
Alpha Steppa;Nai-Jah
Alpha Steppa;Ras Tinny
Alpha Steppa;Don Fe
Nai-Jah;Ras Tinny
Nai-Jah;Don Fe
Ras Tinny;Don Fe
Alpha Steppa;Ras Tinny
Alpha Steppa;Nai-Jah
Ras Tinny;Nai-Jah
Alpha Steppa;Nai-Jah
Alpha Steppa;Ras Tinny
Nai-Jah;Ras Tinny
Dub Dynasty;Alpha Steppa
Dub Dynasty;Alpha Steppa
Dub Dynasty;Ras Tinny
Alpha Steppa;Ras Tinny
Dub Dynasty;Alpha Steppa
Dub Dynasty;Ras Tinny
Alpha Steppa;Ras Tinny
Dub Dynasty;Alpha Steppa
Dub Dynasty;Ras Tinny
Dub Dynasty;Nai-Jah
Dub Dynasty;Don Fe
Dub Dynasty;Natco Sax
Alpha Steppa;Ras Tinny
Alpha Steppa;Nai-Jah
Alpha Steppa;Don Fe
Alpha Steppa;Natco Sax
Ras Tinny;Nai-Jah
Ras Tinny;Don Fe
Ras Tinny;Natco Sax
Nai-Jah;Don Fe
Nai-Jah;Natco Sax
Don Fe;Natco Sax
Dub Dynasty;Alpha Steppa
Dub Dynasty;Alpha Steppa
Dub Dynasty;Alpha Steppa
Dubzoic;Alpha Steppa
Dubzoic;Fikir Amlak
Dubzoic;Ras Tinny
Alpha Steppa;Fikir Amlak
Alpha Steppa;Ras Tinny
Fikir Amlak;Ras Tinny
Dubzoic;Alpha Steppa
Alpha Steppa;Cian Finn
Alpha Steppa;Pupa Jim
Alpha Steppa;Tenor Youthman
Alpha Steppa;Sistah Awa
Alpha Steppa;Eva Keyes
Alpha Steppa;Nai-Jah
Alpha Steppa;Sistah Awa
Alpha Steppa;Block Mameli
Alpha Steppa;Ras Tinny
Alpha Steppa;Sistah Awa
Ras Tinny;Sistah Awa
Alpha Steppa;Sistah Awa
Alpha Steppa;Ras Tinny
Alpha Steppa;Nai-Jah
Ras Tinny;Nai-Jah
Alpha Steppa;Pupa Jim
Alpha Steppa;Tenor Youthman
Alpha Steppa;Sistah Awa
Alpha Steppa;Eva Keyes
Alpha Steppa;Block Mameli
Alpha Steppa;Sistah Awa
Alpha Steppa;Nai-Jah
Stepwizer;Tenna Star
Subactive;Maïs
Subactive;Charlie P
Maïs;Charlie P
Subactive;Maïs
Subactive;Marina P
Maïs;Marina P
Subactive;Sin
Subactive;Mikey Murka
Sin;Mikey Murka
Subtroopers;Mistah Ben
Subtroopers;Don Pedro
Syra;Handyman
Syra;Handyman
The Natural Dub Cluster;Oliva Foschi
The Natural Dub Cluster;Lil Refrain
The Natural Dub Cluster;Uochi Toki
Tokiboun In Dub;William Jacquemet
Tokiboun In Dub;Full Vibes
Toltek;Pijule
Toltek;Pijule
Hylu & Jago;Sleepy Time Ghost
Hylu & Jago;onlyjoe
Sleepy Time Ghost;onlyjoe
OSC;Dubsworth
OSC;Ranking Joe
Dubsworth;Ranking Joe
Tuff & Powa;Kinetical
Tuff & Powa;Kinetical
Vibration Lab;Wayne Jarrett
Furybass Prod;Michael Rose
Furybass Prod;D. Wardrop
Michael Rose;D. Wardrop
Lunar Dub;Bigloo
Baltimores;Boom Hi-Fi
Herba Vibration;N.O.F.
Herba Vibration;Mario
N.O.F.;Mario
KillaSoundYard;Greg Colocks
Lucky MC;Salvatge Sound
Welders Hifi;All Vibes
Brewbud;Dr. Frelon
Khoe Wa Dub System;Sergent Stepper
Vulgar Grooves;Woody Vibes
Ob.dub;Herba Vibration
Marshal Neeko;Bob Marley
Marshal Neeko;Exco Levi
Marshal Neeko;Kenny Smith
Marshal Neeko;Dennis Brown
Marshal Neeko;Protoje
Marshal Neeko;Koffee
Protoje;Koffee
Marshal Neeko;Junior Murvin
Marshal Neeko;Pressur Busspipe
Marshal Neeko;Lila Iké
Marshal Neeko;Nitty Gritty
Marshal Neeko;Rocker T
Marshal Neeko;Lutan Fyah
Marshal Neeko;Protoje
Marshal Neeko;Dennis Brown
Marshal Neeko;Mad Cobra
Marshal Neeko;Bob Marley
Marshal Neeko;Bounty Killer
Marshal Neeko;Chris Martin
Bounty Killer;Chris Martin
Marshal Neeko;Keida
Marshal Neeko;Ranking Dread
Marshal Neeko;Frankie Paul
Marshal Neeko;Terry Ganzie
Marshall Neeko;Buju Banton
Marshall Neeko;Capleton
Marshall Neeko;Bounty Killer
Marshall Neeko;Barrington Levy
Buju Banton;Capleton
Buju Banton;Bounty Killer
Buju Banton;Barrington Levy
Capleton;Bounty Killer
Capleton;Barrington Levy
Bounty Killer;Barrington Levy
Marshall Neeko;Fantan Mojah
Marshall Neeko;Daddy Rings
Marshall Neeko;Cocoa Tea
Marshall Neeko;Shabba Ranks
Cocoa Tea;Shabba Ranks
Marshall Neeko;Barrington Levy
Marshall Neeko;Kenny Smith
Marshall Neeko;Sanchez
Marshall Neeko;Luciano
Marshall Neeko;Wayne Wonder
Marshall Neeko;Jah Mason
Marshall Neeko;Terror Fabulous
Marshall Neeko;Perfect
Marshall Neeko;Buju Banton
Marshall Neeko;Anthony B
Marshall Neeko;Jah Cure
Marshall Neeko;Elijah Prophet
Marshall Neeko;Anthony B
Ras Shiloh;Marshall Neeko
Mykal Rose;Marshall Neeko
Lukie D;Marshall Neeko
Protoje;Marshall Neeko
Luciano;Marshall Neeko
Sizzla;Marshall Neeko
Tanya Stephens;Marshall Neeko
Mykal Rose;Marshall Neeko
Ras Shiloh;Marshall Neeko
Chukki Starr;Marshall Neeko
Garnett Silk;Marshall Neeko
Lukie D;Determine
Lukie D;Marshall Neeko
Determine;Marshall Neeko
Junior Kelly;Marshall Neeko
Silver Cat;Marshall Neeko
Jah Mali;Sugar Roy
Jah Mali;Marshall Neeko
Sugar Roy;Marshall Neeko
Sizzla;Marshall Neeko
Al Borosie;Marshall Neeko
Beres Hammond;Marshall Neeko
Al Borosie;Marshall Neeko
Barrington Levy;Spragga Benz
Barrington Levy;Marshall Neeko
Spragga Benz;Marshall Neeko
Vibronics;Michael Prophet
Weeding Dub;SMUGGLAZ
Weeding Dub;Marina P
Winston Dub Project;Askata
Wood Harmony;Massive Skankers
Wood Harmony;Kartem
Xucar Warriors;Akimitto
I Neurologici;RadADub
I Neurologici;RadADub
RadADub;Uru
High tone;Shanti D
High tone;Roots Raid
Shanti D;Roots Raid
High tone;Shanti D
High tone;Roots Raid
Shanti D;Roots Raid
Kanka;Brother Culture
Kanka;Brother Culture
Kanka;Brother Culture
Kanka;Brother Culture
Kanka;Rod Taylor
Kanka;Rudy
Kanka;Sid Wilson
Kanka;Don Fe
Kanka;Brother Culture
Kanka;MC Oliva
Kanka;Brother Culture
Kanka;MC Oliva
Kanka;Danman
Kanka;Zion-I
Kanka;Singer Blue
Kanka;Echo Ranks
Kanka;YT
Kanka;El Fata
Kanka;Echo Ranks
MicroSpore;Mass&Delayer
Evil Grimace;113
Inception;Psycho
BaM;Papyyyy
Hypogeo & Electrypnose;Shysto
Hypogeo & Electrypnose;Ewake
Hypogeo & Electrypnose;Nuho
Hypogeo & Electrypnose;Mycelliohm
Hypogeo & Electrypnose;Alchemy Circle
Hypogeo & Electrypnose;Invisible Ralf
Hypogeo & Electrypnose;Sumerian Droids
Hypogeo & Electrypnose;Fraktal Joke
Hypogeo & Electrypnose;Twin Turbo
Hypogeo & Electrypnose;Miles From Mars
Island Street;Don Julito
Naâman;Soom T
Vibronics;Eva Keyes
Alborosie;Zion Gate
B-no;Peter Youthman
Biga Ranx;Fanzine
Biga Ranx;Fanzine
Black Uhuru;Junir Reid
Blundetto;Biga Ranx
Blundetto;Pupajim
Bob Marley;The Wailers
Dub Silence;Moskino
Subatomic Sound;Screetchy Dan
Pupajim;Conscious Sound
Pupajim;King General
Conscious Sound;King General
Mellow Mood;Andrew I
Irie Nanara;High Smile HiFi
Earl 16;Shinobi Sound
Echo Minott;B-no
Yami Bolo;Simba Khan
Yami Bolo;Warriah Dan
Simba Khan;Warriah Dan
Nattali Rize;Kabaka Pyramid
Biga Ranx;ODG
Greenadub;Fyah
Greenadub;Seper Man
High Elements;Ras Tinny
I Fi;U Brown
I Fi;Roots Attack
U Brown;Roots Attack
Mellow Mood;Richie Campbell
Hopeton Lindo;Jah Fingers
Jah Sun;Kabaka Pyramid
Jahneration;Naâman
Jukebox Champions;Biga Ranx
Jukebox Champions;Soom T
Biga Ranx;Soom T
Indigo;Junior T
KSD;Daman
KSD;Marina P
L'Entourloop;Biga Ranx
L'Entourloop;Troy Berkley
L'Entourloop;Guts
L'Entourloop;Patrice
Guts;Patrice
Bhale Bacce Crew;Lo
Cian Finn;ZIon Train
ManuDigital;Papa Michigan
Marina P;Stand High Patrol
Marina P;Stand High Patrol
Marina P;Stand High Patrol
Marina P;KSD
ManuDigital;Taiwan Mc
Massive Dub Corporation;Queen Omega
Bhale Bacce Crew;Matthew McAnuff
Max Romeo;Bonnot
Mahom;Jo Welders
Mahom;Ashkabad
Jo Welders;Ashkabad
Mr WIlliamz;induhman
Mungo's Hi Fi;Mr Williamz
Mungo's Hi Fi;Shanti D
Mungo's Hi Fi;Charlie P
Charlie P;Brother Culture
Nattali Rize;Julian Marley
Naâman;Cutty Ranks
Naâman;Randy Killah
Naâman;Massy & Triple
Naâman;Massy & Triple
Naâman;Massy
Naâman;Triple
Massy;Triple
Naâman;Massy
Naâman;Triple
Massy;Triple
Naâman;Massy
Naâman;Triple
Massy;Triple
Davojah;Jahlix
Protoje;Ky-Mani Marley
Protoje;Da Professor
Ky-Mani Marley;Da Professor
Puppa Djoul;HighSmileHiFi
Nattali Rize;Notis
Nattali Rize;Zuggu Dan
Notis;Zuggu Dan
Naâman;Jahneration
Protoje;Ky-Mani Marley
Naâman;Ilements
Naâman;Dragon Davy
Ilements;Dragon Davy
Dub Architect;Don Carlos
Dub Architect;Katchafire
Don Carlos;Katchafire
S'Kaya;I-Skankers
S'Kaya;Mungo's Hi Fi
Shanti D;King Dynamite
Skarra Mucci;Delroy Wilson
Skrillex;"Damian ""Jr. Gong"" Marley"
Soomt T;Stand High Patrol
Mungo's Hi Fi;Soom T
Soom T;Disrupt
Mc Rozan;NA'JA
Stalawa;Delroy Melody
Stalawa;C Wyne
Delroy Melody;C Wyne
Likkle Jordee;SD Massive Sound
Stephen Marley;Capleton
Stephen Marley;Sizzla
Capleton;Sizzla
Stick Figure;Collie Buddz
Youthie;Macca Dread
Jahneration;Marion
Tom Fire;Biga Ranx
Trillion;Genral G
Trillion;Ranking Levy
Genral G;Ranking Levy
Vanupié;Lidiop
Bob Marley;The Wailers
Wu.D'Sound;Green Cross
L'Entourloop;Marina Peloso
L'Entourloop;Soom T
L'Entourloop;N'Zeng
Soom T;N'Zeng
Daddy Cookiz;RadikaSound
Skunk Kut;Monkey D
Skunk Kut;Monkey D
Skunk Kut;Monkey D
Skunk Kut;Monkey D
Skunk Kut;Monkey D
Skunk Kut;Monkey D
Skunk Kut;Monkey D
Bhale Bacce Crew;Marina P
Marina P;Ondubground
Marina P;Ondubground
Bisou;Suzanne Leo
Hoofander;D2S HIFI
Hoofander;Stepper Skanker
Mandala Sound;King Joe
Mandala Sound;Ranking Joe
Mandala Sound;Smad
Toltek;Zayin Dub
Toltek;Zayin Dub
Toltek;Zayin Dub
Toltek;Zayin Dub
Vibronics;Parvez
Vibronics;Parvez
Vibronics;Parvez
Vibronics;Parvez
Vibronics;Parvez
Vibronics;Parvez
Vibronics;Parvez
Friendly Fire Band;Ilias Lintzos
T-Jah;Kuriooki
T-Jah;System D
Kuriooki;System D
JWL;Miles Won
T-Jah;Kuriooki
T-Jah;Art-X
Kuriooki;Art-X
Basskateers;Gjaezon
High Smile Hi Fi;Capra Dread
Kuriooki;T-Jah
Kuriooki;Hairl Dub
Kuriooki;Thomas Blasko
T-Jah;Hairl Dub
T-Jah;Thomas Blasko
Hairl Dub;Thomas Blasko
Toni Wobble;Senor C
Beam Up;Katya Tasheva
Dub Shepherds;Joe Pilgrim
Dub Shepherds;T-Jah
Joe Pilgrim;T-Jah
T-Jah;Dub Orchestra
Toroki;Isayah
The Monotrones;Yugo Taguchi
Abba Ismail;Beli
Abba Ismail;Miles Won
Beli;Miles Won
Basskateers;Drum N Tubby
Dub Across Borders;Canaan I
Bukkha;Joyful Lion
Adam Prescott;Charlie P
Adam Prescott;Iration Steppas
Charlie P;Iration Steppas
Adam Prescott;Charlie P
Adam Prescott;Charlie P
Adam Prescott;Charlie P
Adam Prescott;Charlie P
Adam Prescott;Tradesman
Charlie P;Tradesman
Adam Prescott;Charlie P
Blackboard Jungle;DRH Hi-Fi
Blackboard Jungle;DRH Hi-Fi
Blackboard Jungle;DRH Hi-Fi
Blackboard Jungle;DRH Hi-Fi
Ishiban;Sensi T
L'Entourloop;Skarra Mucci
L'Entourloop;Skarra Mucci
L'Entourloop;Skarra Mucci
L'Entourloop;Blabbermouf
Skarra Mucci;Blabbermouf
L'Entourloop;Skarra Mucci
L'Entourloop;Skarra Mucci
L'Entourloop;Skarra Mucci
Mr Zebre;Sensi T
Lewiss Benett;Sista Oona
Smither;Skonc
Smither;Hotblood
Smither;Nikko
Alpha Steppa;Nai-Jah
Alpha Steppa;Joe Pilgrim
Alpha Steppa;Setondji Spirit
Nai-Jah;Joe Pilgrim
Nai-Jah;Setondji Spirit
Joe Pilgrim;Setondji Spirit
Alpha Steppa;Odessa
Alpha Steppa;Yehoud-I
Odessa;Yehoud-I
Panda Dub;Black Soulie
Iseo;Dodosound
Alpha Steppa;Awa Fall
Alpha Steppa;Awa Fall
Culture Horn;Aza Lineage
Culture Horn;Aza Lineage
Culture Horn;Aza Lineage
Culture Horn;Aza Lineage
Culture Horn;Aza Lineage
Culture Horn;Med Dred
Aza Lineage;Med Dred
Culture Horn;Aza Lineage
Don Fe;Jericho
Don Fe;Jericho
Don Fe;Jericho
Don Fe;Jericho
Dub Cmd;SistaSara
Dub Cmd;SistaSara
Dub Cmd;SistaSara
Dub Cmd;Mantsche
Dub Cmd;Mantsche
Dub Cmd;OLM
Dub Cmd;OLM
Dub Dynasty;Wellette Seyon
Dub Dynasty;Ras Tinny
Dub Dynasty;N'Goni
Dub Dynasty;N'Goni
Dub Dynasty;Ciann Finn
Dub Dynasty;Prince David
Dub Dynasty;Don Fe
Dub Dynasty;Mooji
Dub Dynasty;Mark Iration
Hermit Dub;Robert Dallas
Hermit Dub;Ranking Joe
Hermit Dub;Med Dred
Hermit Dub;Bongo Damo
Robert Dallas;Ranking Joe
Robert Dallas;Med Dred
Robert Dallas;Bongo Damo
Ranking Joe;Med Dred
Ranking Joe;Bongo Damo
Med Dred;Bongo Damo
Daman;6blocc
Daman;Irie Worryah
Daman;KTOPP
Komadub;Zion Irie
Komadub;Zion Irie
Komadub;Zion Irie
Komadub;Zion Irie
Komadub;Alphadub
Zion Irie;Alphadub
Natural Tribulation;Black Omolo
Natural Tribulation;Black Omolo
Natural Tribulation;Black Omolo
Natural Tribulation;Black Omolo
Natural Tribulation;Black Omolo
Mexican Stepper;Injham
Mexican Stepper;Mr Lion
Mexican Stepper;Mr Mefistou
Deepke;Wirk
Boom One;B Davis
Bukkha;Earl Sixteen
Bukkha;Earl Sixteen
Bukkha;Earl Sixteen
CounterAction;Forward Fever
Parvez;Dub Factory
Disciples;Unlisted Fanatic
Disciples;Unlisted Fanatic
Saimm-I;Unlisted Fanatic
Webacam Hi-fi;Delroy Williams
Webacam Hi-fi;Delroy Williams
Webacam Hi-fi;Delroy Williams
Wicked Dub Division;Ichman
Wicked Dub Division;Ichman
Daft Punk;Demon
Daft Punk;Laidback Luke
Daft Punk;Gabrielle
Daft Punk;Ian Pooley
The Micronauts;Natures 1994
The Micronauts;Daft Punk
The Micronauts;J Dubs
Daft Punk;Jay Zee
Daft Punk;Dj Kevin
Mc' JaZzZz;Dekay 
Mc'JaZzZz;Dary 
Amentia Prod;DjTape
Dekay;JazzZz
Dekay;Amentia Prod
Dekay;DjTape
JazzZz;Amentia Prod
JazzZz;DjTape
Amentia Prod;DjTape
Dary;MDMC
Maias;Jackzbaroo
Amentia Prod;DjTape
Dekay;Dokbad
Leonard;Bone's
Maias;Dekay
Maias;Jackzbaroo
Dekay;Jackzbaroo
Dary;Bone's
Dary;Jazzzz
Dary;Ma2t
Dary;Lutah Sevi
Dary;Tchiff
Bone's;Jazzzz
Bone's;Ma2t
Bone's;Lutah Sevi
Bone's;Tchiff
Jazzzz;Ma2t
Jazzzz;Lutah Sevi
Jazzzz;Tchiff
Ma2t;Lutah Sevi
Ma2t;Tchiff
Lutah Sevi;Tchiff
Mc JaZzZz;Amanetia Prod
Mc JaZzZz;Yoda
Amanetia Prod;Yoda
Mc JaZzZz;Amentia Prod
Mc JaZzZz;Amentia Prod
Mc JaZzZz;Nawak British
Mc JaZzZz;Cuki
Mc JaZzZz;Amentia Prod
Mc JaZzZz;KenKen
Amentia Prod;KenKen
Mc JaZzZz;Kiid Crush
Mc JaZzZz;Dekay
Mc JaZzZz;Byg Byrd
Mc JaZzZz;Family Style
Byg Byrd;Family Style
Mc JaZzZz;Robert Jean
Amentia Prod;Sons off the street
Amentia Prod;Family Style
Amentia Prod;Allez
Amentia Prod;D-Ter
Allez;D-Ter
Amentia Prod;Les Frères de l'ombre
Amentia Prod;Altez
Amentia Prod;L'Hp
Amentia Prod;Altez
Amentia Prod;Dekay
Altez;Dekay
Amentia Prod;D-Ter
Amentia Prod;Dary
Amentia Prod;DjTape
D-Ter;Dary
D-Ter;DjTape
Dary;DjTape
Amentia Prod;D-Ter
Amentia Prod;Les Frères de l'ombre
D-Ter;Les Frères de l'ombre
Amentia Prod;Dekay
Amentia Prod;Altez
Amentia Prod;D-Ter
Amentia Prod;DjTape
Dekay;Altez
Dekay;D-Ter
Dekay;DjTape
Altez;D-Ter
Altez;DjTape
D-Ter;DjTape
Amentia Prod;Mc Jazzzz
Amentia Prod;Yzni
Amentia Prod;Les Frères de l'ombre
Amentia Prod;D-Ter
Amentia Prod;Maias
Les Frères de l'ombre;D-Ter
Les Frères de l'ombre;Maias
D-Ter;Maias
Amentia Prod;Dekay
Amentia Prod;Mc Jazzzz
Amentia Prod;Tohn
Dekay;Mc Jazzzz
Dekay;Tohn
Mc Jazzzz;Tohn
Amentia Prod;Le Bones
Amentia Prod;El Tchiff
Amentia Prod;Ma2t
Le Bones;El Tchiff
Le Bones;Ma2t
El Tchiff;Ma2t
Amentia Prod;El Tchiff
Amentia Prod;Sons off the street
Mc' JaZzZz;Mc Joss
Mc' JaZzZz;Hel Fu
Mc' JaZzZz;Dary
Distorganic;White Horse
Azùal Dub;Mexican Stepper
Azùal Azùal Dub;Mexican Stepper
Atili;Big Red
Dub Stuy;Luciano
Dub Stuy;Mikey General
Luciano;Mikey General
Dub Stuy;Sr Wilson
Dubtrakz;Mista Baptiste
Dubtrakz;Mista Baptiste
Ginette Prod;Laura Canela
Ginette Prod;Natly Dub
Laura Canela;Natly Dub
Ginette Prod;Laura Canela
Ginette Prod;Laura Canela
Ginette Prod;Laura Canela
Ginette Prod;Laura Canela
Jah Kajgaan;Boombardub
Jah Kajgaan;Boombardub
JahYu;Wortfetzen
JahYu;Wortfetzen
JahYu;Akcept
JahYu;Ras Tinny
Akcept;Ras Tinny
JahYu;Baptiste
JahYu;Bukkha
Baptiste;Bukkha
JahYu;Baptiste
JahYu;Bukkha
Baptiste;Bukkha
Junior Dread;Dub Kazman
Junior Dread;Dub Kazman
Junior Dread;Dub Kazman
Junior Dread;Dub Kazman
Junior Dread;Isha Bel
Dub Shepherds;Roots Raid
Dub Shepherds;Shanti D
Roots Raid;Shanti D
Fabasstone;Dub Shepherds
Fabasstone;Vivian Jones
Dub Shepherds;Vivian Jones
Ikadub;Pilah
Ikadub;Joe Pilgrim
Pilah;Joe Pilgrim
Krak in Dub;Pilah
Krak in Dub;Joe Pilgrim
Krak in Dub;Ivan Jah
Pilah;Joe Pilgrim
Pilah;Ivan Jah
Joe Pilgrim;Ivan Jah
Lion's Den;Tsun DV
Lion's Den;Fabasstone
Lion's Den;Joe Pilgrim
Tsun DV;Fabasstone
Tsun DV;Joe Pilgrim
Fabasstone;Joe Pilgrim
Stand High Patrol;Dub Shepherds
Stand High Patrol;Jolly Joseph
Dub Shepherds;Jolly Joseph
RDH Hi-Fi;Kandee Dub
RDH Hi-Fi;Kandee Dub
RDH Hi-Fi;Kandee Dub
Mellow Mood;Kabaka Pyramid
Mungo's Hi Fi;Pupajim
Nazamba;Telly
Nazamba;OBF
Telly;OBF
Telly;OBF
Natural High Dubs;Joe Pilgrim
Natural High Dubs;Danman
Natural High Dubs;Pupa Jim
Natural High Dubs;High Tone
Pupa Jim;High Tone
Natural High Dubs;Far I
Carlton Livingston;FLeCK & Blue Hill
Ranking Ann;FLeCK & Blue Hill
Lacksley Castell;FLeCK & Blue Hill
Super Cat;FLeCK & Blue Hill
Prince Far I;FLeCK & Blue Hill
Yabby You;FLeCK & Blue Hill
Beenie Man;FLeCK & Blue Hill
Mikey Dread;FLeCK & Blue Hill
Natural High Dubs;Enigmatik Dub
Natural High Dubs;ISt3p
Natural High Dubs;Ghana Sound
Natural High Dubs;Ashkabad
Natural High Dubs;Aku-Fen
Natural High Dubs;Lo End Dub
Natural High Dubs;Organic Sound
Natural High Dubs;Zongo Sound
Natural High Dubs;Mad Codiouf
Natural High Dubs;Marcus I
Natural High Dubs;Marcus I
Natural High Dubs;Azual Dub
Marcus I;Azual Dub
Natural High Dubs;Marcus I
Natural High Dubs;Marcus I
Natural High Dubs;Marcus I
Natural High Dubs;Marcus I
Natural High Dubs;Marcus I
Tetra Hydro K;Robinson
Tetra Hydro K ;Dubanko
Tetra Hydro K;Sama Renuka
Zenzile;Tetra Hydro K
Aku Fen;Roots Raid
Aku Fen;Cookah
Aku Fen;Likkle Ferguson
Roots Raid;Cookah
Roots Raid;Likkle Ferguson
Cookah;Likkle Ferguson
Ashkabad;Dub Shepherds
Ashkabad;Jolly Joseph
Dub Shepherds;Jolly Joseph
JAHNO;Dub Master Clash
JAHNO;Echo Minott
Dub Master Clash;Echo Minott
Panda Dub;Roots Raid
Panda Dub;Peter Youthman
Roots Raid;Peter Youthman
Pilah;Anti Bypass
Roots Raid;Aku Fen
Roots Raid;El Fata
Aku Fen;El Fata
Riddim Tuffa;Feldub
Riddim Tuffa;Danman
Feldub;Danman
Feldub;Echoboy
Feldub;Danman
Echoboy;Danman
Riddim Tuffa;Feldub
Riddim Tuffa;Echoboy
Riddim Tuffa;Danman
Feldub;Echoboy
Feldub;Danman
Echoboy;Danman
Riddim Tuffa;Feldub
Riddim Tuffa;Echoboy
Riddim Tuffa;Danman
Feldub;Echoboy
Feldub;Danman
Echoboy;Danman
Baodub;Inner Echo
Baodub;Rider Shafique
Inner Echo;Rider Shafique
Baodub;Inner Echo
Rider Shafique;Bukkha
Rider Shafique;Dubbing Sun
Bukkha;Dubbing Sun
Bukkha;Dubbing Sun
Joyful Lion;Rider Shafique
Rolling Lion Studio;Jamie Bostron
Ruffian Rugged;Bruce Lee-Si
Tenja;El Fata
Tenja;El Fata
Hernandad Rasta;Unidub Esteroo
Hernandad Rasta;Affis Pablo
Hernandad Rasta;Booba Roots
Unidub Esteroo;Affis Pablo
Unidub Esteroo;Booba Roots
Affis Pablo;Booba Roots
Biga Ranx;Waxx
Biga Ranx;C.Cole
Biga Ranx;Oxmo Puccino
Waxx;C.Cole
Waxx;Oxmo Puccino
C.Cole;Oxmo Puccino
The Black Mantis Project;Saadji
The Black Mantis Project;Saadji
Stupeflip;Thriakis Dub Destroyer
Stupeflip;Thriakis Dub Destroyer
Stupeflip;Thriakis Dub Destroyer
Stupeflip;Thriakis Dub Destroyer
Stupeflip;Thriakis Dub Destroyer
Lena Raine;Anastasia Kristensen
Protokseed;Vortek's
Bukkha;Fada Jep
Bukkha;JahWind All Stars
Fada Jep;JahWind All Stars
Feldub;Danman
Feldub;Author
Danman;Author
Feldub;Gappy Ranks
Feldub;Mr Zebre
Feldub;Rebel I
Mr Zebre;Rebel I
Mungo's Hi Fi;Lady Ann
Mystical Hifi;Wudub!
Mystical Hifi;Shamann
Wudub!;Shamann
Mystical Hifi;Wudub!
Mystical Hifi;Shamann
Wudub!;Shamann
Nazamba;Linval Thompson
Nazamba;Soom T
Numa Crew;Killa's Army
Numa Crew;UKG
Killa's Army;UKG
Sandra Cross;Vibronics
Sandra Cross;Vibronics
Dub Machinist;Massive Dub Corporation
Dub Machinist;Roots Zombie
Dub Machinist;Feldub
Massive Dub Corporation;Roots Zombie
Massive Dub Corporation;Feldub
Roots Zombie;Feldub
Dub Machinist;Massive Dub Corporation
Dub Machinist;Roots Zombie
Dub Machinist;Feldub
Massive Dub Corporation;Roots Zombie
Massive Dub Corporation;Feldub
Roots Zombie;Feldub
Dub Machinist;Massive Dub Corporation
Dub Machinist;Massive Dub Corporation
Dub Machinist;Roots Zombie
Dub Machinist;Feldub
Massive Dub Corporation;Roots Zombie
Massive Dub Corporation;Feldub
Roots Zombie;Feldub
Brain Damage;Vibronics
Ondubground;LMK
Jean-Paul Dub;Meissa
Witness;Mr Williamz
Militjah Wise;King Earthquake
Alpha Steppa;JahYu
Alpha Steppa;JahYu
OBF;Charlie P
OBF;Aza Lineage
OBF;Charlie P
Rakoon;Awoga
Kandee;Robzie
Kanka;Nina Girassois
Kanka;Konyx
Kanka;Joseph Lalibela
Kanka;Woodub
Kanka;Yehoud I
Omizu Sound;Micronomade
Omizu Sound;Issac Frank
Capleton;Marshall Neeko
Ras Shiloh;Marshall Neeko
Sizzla;Marshall Neeko
Dawn Penn;Marshall Neeko
Sizzla;Marshall Neeko
Norris Man;Marshall Neeko
Garnett Silk;Marshall Neeko
Marcia Griffiths;Marshall Neeko
Capleton;Marshall Neeko
I-Lue;Marshall Neeko
Luciano;Marshall Neeko
Shabba Ranks;Marshall Neeko
Beres Hammond;Marshall Neeko
Burro Banton;Marshall Neeko
Buju Banton;Marshall Neeko
Capleton;Marshall Neeko
L'Art Cène;Panda Dub
Iya Terra;Alborosie
Iya Terra;Bobby Lee
Alborosie;Bobby Lee
Mungo's Hi Fi;Eek a Mouse
Mungo's Hi Fi;Eek a Mouse
Mungo's Hi Fi;Ruben Da Silva
Eek a Mouse;Ruben Da Silva
Mungo's Hi Fi;Eek a Mouse
Mungo's Hi Fi;Ruben Da Silva
Eek a Mouse;Ruben Da Silva
OBF;Linval Thompson
OBF;Linval Thompson
OBF;Nazamba
Linval Thompson;Nazamba
Tiburk Sound System;Paulette Wright
Woody Vibes;Brewbud
Woody Vibes;Dr Fleron
Brewbud;Dr Fleron
Woody Vibes;Nawa
Woody Vibes;Romane Waza
FootPrint System;Ist3p
FootPrint System;Sub Majesty
Ist3p;Sub Majesty
FootPrint System;Crucial Rob
FootPrint System;Toni Prayazen
FootPrint System;Pijule
FootPrint System;Daman
FootPrint System;Dubviral
Enigmatik Dub;Mama C
Enigmatik Dub;Ras Divarius
Enigmatik Dub;Emrah Kaptan
Atili;Space Cadet
Atili;Gunna
Space Cadet;Gunna
Atili;Migos
Atili;Young Thug
Atili;Travis Scott
Migos;Young Thug
Migos;Travis Scott
Young Thug;Travis Scott
Atili;Juice WRLD
Atili;Pop Smoke
Atili;Travis Scott
Atili;Metro Boomin
Atili;Travis Scott
Atili;Young Thug
Metro Boomin;Travis Scott
Metro Boomin;Young Thug
Travis Scott;Young Thug
Atili;Migos
Atili;Lil Uzi Vert
Migos;Lil Uzi Vert
Atili;Travis Scott
Atili;Migos
Atili;Huncho Jack
Atili;Travis Scott
Atili;Quavo
Huncho Jack;Travis Scott
Huncho Jack;Quavo
Travis Scott;Quavo
Atili;DaBaby
Atili;Travis Scott
Bam;Papyyyy
Bam;VnR
Felckin;Sköne
Mister V;Sköne
Psylotribe;Ritchy
Psylotribe;Ritchy
Osiris MC;Venom
Yowii;Mdtek
Psylotribe;Ritchy
Sköne;HanniBaSs
Sköne;Kobaltik
Sköne;Vortek's
Sköne;Kobaltik
Sköne;Otah
Sköne;El Desperado
Sköne;Exon
Sköne;Ukiyo-e
Sköne;Vortek's
Sköne;Ziqooh
Vortek's;Ziqooh
Sköne;Worakls
Atili;Prendy
Atili;Speng Bond
Atili;Joseph Cotton
Atili;Green Cross
Atili;Gappy Ranks
Atili;Joseph Cotton
Atili;Babyboom
Atili;Green Cross
Babyboom;Green Cross
Atili;Jahdan Blakkamoore
Atili;Eccleton Jarett
Donovan Kingjay;Keety Roots
Anaves Music;Awa Fall
Bukkha;Awa Fall
Sabolious;Vale
Vale;Awa Fall
Leruja;Mehdiman
Leruja;Dubfact
Leruja;Mistah Ben
Leruja;Sensi T
Leruja;Ishiban
Mr Woodwicker;MisTilla
Panda Dub;Digital-i-land
Panda Dub;Poussin
Bisou;JAEL
Panda Dub;Roots Raid
Panda Dub;Cookah
Panda Dub;Likkle Ferguson
Roots Raid;Cookah
Roots Raid;Likkle Ferguson
Cookah;Likkle Ferguson
Marina P;Stepart
Pupajim;Stepart
Twinkle Brothers;OLM
Twinkle Brothers;OLM
Panda dub;Dubatriator
Panda dub;Ondubground
Queen Ifrica;Damian Marley
Taiwan MC;Davojah
Ishiban;Shiva
Moderator;Jeanette Robertson
Moderator;Witness
Jeanette Robertson;Witness
Moderator;Josh Garrels
Moderator;Nieve
Culture;Mr Bojangles
Culture;I Roy
Culture;Prince Weedy
Joe Gibbs;The Professionals
Culture;I Roy
Joe Gibbs;The Professionals
Ras Michael;the Sons of Negus
The Pioneers;Lynn Taitt
The Pioneers;The Jets
Lynn Taitt;The Jets
Stranger;Gladdy
Stranger;Lynn Taitt
Stranger;The Jets
Gladdy;Lynn Taitt
Gladdy;The Jets
Lynn Taitt;The Jets
Stranger;Gladdy
Stranger;Lee Perry
Gladdy;Lee Perry
Lee Perry;Dennis Alcapone
Ken Parker;The Destroyers
Niney;Slim Smith
Niney;The Destroyers
Slim Smith;The Destroyers
Count Machuki;The Destroyers
Sir Lord Comic;The Destroyers
Nicky Thomas;Sir Lord Comic
Lizzy;Cornell Campbell
Cynthia Richards;Irving Brown
Peter Tosh;Winston Scotland
Peter Tosh;Winston Wright
Peter Tosh;Larry Mcdonald
Winston Wright;Larry Mcdonald
Nicky Thomas;Cat Campbell
Nicky Thomas;Dennis Alcapone
Dennis Brown;Big Youth
